PRECINCT NAME,KS Court of Appeals 4,KS Court of Appeals 4,KS Court of Appeals 4,KS Court of Appeals 4,KS Court of Appeals 6,KS Court of Appeals 6,KS Court of Appeals 6,KS Court of Appeals 6,KS Court of Appeals 8,KS Court of Appeals 8,KS Court of Appeals 8,KS Court of Appeals 8,KS Court of Appeals 9,KS Court of Appeals 9,KS Court of Appeals 9,KS Court of Appeals 9,KS Court of Appeals 14,KS Court of Appeals 14,KS Court of Appeals 14,KS Court of Appeals 14
,Yes,No,OVER VOTES,UNDER VOTES,Yes,No,OVER VOTES,UNDER VOTES,Yes,No,OVER VOTES,UNDER VOTES,Yes,No,OVER VOTES,UNDER VOTES,Yes,No,OVER VOTES,UNDER VOTES
Aubry Township Precinct 01,94,32,0,20,88,37,0,21,83,43,0,20,76,49,0,21,82,42,0,22
Aubry Township Precinct 02,651,204,0,156,596,251,0,164,509,331,0,171,523,320,1,167,591,254,0,166
Aubry Township Precinct 03,330,123,0,82,319,136,0,80,262,192,0,81,256,200,0,79,303,147,0,85
Aubry Township Precinct 04,858,336,0,169,841,347,0,175,711,472,0,180,731,456,0,176,839,337,0,187
Aubry Township Precinct 05,11,3,0,4,10,2,0,6,8,4,0,6,9,4,0,5,10,2,0,6
Aubry Township Precinct 06,91,17,0,14,90,18,0,14,69,39,0,14,69,39,0,14,88,18,0,16
Aubry Township Precinct 07,0,0,0,0,0,0,0,0,0,0,0,0,0,0,0,0,0,0,0,0
Gardner Township Precinct 01,334,121,0,71,320,127,0,79,265,181,0,80,266,177,0,83,321,126,0,79
Gardner Township Precinct 02,306,119,0,55,281,142,0,57,239,185,0,56,241,185,0,54,284,138,0,58
Gardner Township Precinct 03,0,0,0,0,0,0,0,0,0,0,0,0,0,0,0,0,0,0,0,0
Gardner Township Precinct 04,0,0,0,0,0,0,0,0,0,0,0,0,0,0,0,0,0,0,0,0
Gardner Township Precinct 05,5,0,0,0,5,0,0,0,2,3,0,0,2,3,0,0,5,0,0,0
Gardner Township Precinct 06,0,0,0,0,0,0,0,0,0,0,0,0,0,0,0,0,0,0,0,0
Gardner Township Precinct 07,3,0,0,0,3,0,0,0,1,2,0,0,1,2,0,0,3,0,0,0
Gardner Township Precinct 08,3,1,0,1,1,2,0,2,2,1,0,2,2,1,0,2,1,2,0,2
Gardner Township Precinct 09,3,0,0,1,3,0,0,1,0,3,0,1,0,3,0,1,3,0,0,1
Gardner Township Precinct 10,3,3,0,0,4,2,0,0,4,2,0,0,3,3,0,0,3,3,0,0
Gardner Township Precinct 11,82,37,0,21,71,48,0,21,53,62,0,25,61,56,0,23,74,42,0,24
Gardner Township Precinct 13,3,0,0,0,2,1,0,0,2,1,0,0,3,0,0,0,3,0,0,0
Gardner Township Precinct 14,4,1,0,0,5,0,0,0,4,1,0,0,4,1,0,0,4,1,0,0
Gardner Township Precinct 15,0,0,0,0,0,0,0,0,0,0,0,0,0,0,0,0,0,0,0,0
Gardner Township Precinct 16,11,0,0,3,11,0,0,3,11,0,0,3,10,0,0,4,11,0,0,3
Gardner Township Precinct 17,9,1,0,2,9,1,0,2,6,3,0,3,6,3,0,3,8,1,0,3
Gardner Township Precinct 18,1,1,0,1,0,2,0,1,0,2,0,1,1,1,0,1,1,1,0,1
Gardner Township Precinct 19,0,0,0,0,0,0,0,0,0,0,0,0,0,0,0,0,0,0,0,0
Gardner Township Precinct 20,3,1,0,0,2,2,0,0,3,1,0,0,4,0,0,0,4,0,0,0
Lexington Township Precinct 01,623,244,0,162,591,269,0,169,466,374,0,189,466,385,1,177,570,280,0,179
Lexington Township Precinct 02,0,1,0,0,0,1,0,0,0,1,0,0,0,1,0,0,0,1,0,0
Lexington Township Precinct 03,1,1,0,1,1,1,0,1,1,1,0,1,1,1,0,1,1,1,0,1
Lexington Township Precinct 04,0,0,0,0,0,0,0,0,0,0,0,0,0,0,0,0,0,0,0,0
Lexington Township Precinct 05,0,0,0,0,0,0,0,0,0,0,0,0,0,0,0,0,0,0,0,0
McCamish Township Precinct 01,128,62,0,23,130,61,0,22,108,82,0,23,111,80,0,22,122,66,0,25
McCamish Township Precinct 02,294,131,0,60,289,138,0,58,216,210,0,59,223,203,0,59,288,137,0,60
McCamish Township Precinct 03,0,0,0,0,0,0,0,0,0,0,0,0,0,0,0,0,0,0,0,0
McCamish Township Precinct 04,0,0,0,0,0,0,0,0,0,0,0,0,0,0,0,0,0,0,0,0
McCamish Township Precinct 05,0,0,0,0,0,0,0,0,0,0,0,0,0,0,0,0,0,0,0,0
Olathe Township Precinct 01,269,102,0,50,248,123,0,50,217,153,0,51,215,152,0,54,230,135,0,56
Olathe Township Precinct 02,43,15,0,9,42,17,0,8,33,26,0,8,34,25,0,8,36,23,0,8
Olathe Township Precinct 03,38,17,0,2,33,20,0,4,34,20,0,3,35,19,0,3,37,17,0,3
Olathe Township Precinct 04,2,2,0,0,1,3,0,0,1,3,0,0,1,3,0,0,2,2,0,0
Olathe Township Precinct 06,0,0,0,0,0,0,0,0,0,0,0,0,0,0,0,0,0,0,0,0
Olathe Township Precinct 07,0,0,0,0,0,0,0,0,0,0,0,0,0,0,0,0,0,0,0,0
Olathe Township Precinct 08,1,0,0,0,1,0,0,0,0,1,0,0,0,1,0,0,1,0,0,0
Olathe Township Precinct 09,0,0,0,0,0,0,0,0,0,0,0,0,0,0,0,0,0,0,0,0
Olathe Township Precinct 10,10,2,0,1,9,2,0,2,8,4,0,1,7,4,0,2,10,2,0,1
Olathe Township Precinct 11,4,1,0,0,4,1,0,0,3,2,0,0,3,2,0,0,4,1,0,0
Olathe Township Precinct 12,0,0,0,0,0,0,0,0,0,0,0,0,0,0,0,0,0,0,0,0
Olathe Township Precinct 13,4,1,0,2,4,1,0,2,4,1,0,2,3,2,0,2,4,1,0,2
Olathe Township Precinct 14,1,0,0,0,0,1,0,0,1,0,0,0,1,0,0,0,1,0,0,0
Olathe Township Precinct 15,0,0,0,0,0,0,0,0,0,0,0,0,0,0,0,0,0,0,0,0
Olathe Township Precinct 16,0,0,0,0,0,0,0,0,0,0,0,0,0,0,0,0,0,0,0,0
Olathe Township Precinct 17,0,0,0,0,0,0,0,0,0,0,0,0,0,0,0,0,0,0,0,0
Olathe Township Precinct 24,2,0,0,0,2,0,0,0,2,0,0,0,2,0,0,0,2,0,0,0
Olathe Township Precinct 25,6,1,0,0,6,1,0,0,2,5,0,0,2,5,0,0,6,1,0,0
Olathe Township Precinct 26,3,1,0,0,3,1,0,0,3,1,0,0,3,1,0,0,3,1,0,0
Olathe Township Precinct 27,0,0,0,0,0,0,0,0,0,0,0,0,0,0,0,0,0,0,0,0
Olathe Township Precinct 32,26,7,0,3,23,9,0,4,15,17,0,4,19,14,0,3,19,11,0,6
Oxford Township Precinct 01,1,0,0,0,1,0,0,0,1,0,0,0,1,0,0,0,1,0,0,0
Oxford Township Precinct 02,396,144,2,84,356,184,0,86,319,218,0,89,324,217,0,85,356,174,0,96
Oxford Township Precinct 03,0,0,0,0,0,0,0,0,0,0,0,0,0,0,0,0,0,0,0,0
Oxford Township Precinct 04,426,99,0,96,393,133,0,95,336,184,0,101,348,173,0,100,388,126,0,107
Oxford Township Precinct 05,9,6,0,4,11,4,0,4,6,9,0,4,6,9,0,4,13,2,0,4
Oxford Township Precinct 08,0,0,0,0,0,0,0,0,0,0,0,0,0,0,0,0,0,0,0,0
Oxford Township Precinct 09,23,4,0,6,20,6,0,7,22,5,0,6,23,4,0,6,21,6,0,6
Oxford Township Precinct 10,0,1,0,0,0,1,0,0,0,1,0,0,0,1,0,0,0,1,0,0
Oxford Township Precinct 11,95,33,0,22,93,38,0,19,80,49,0,21,82,47,0,21,88,41,0,21
Spring Hill Township Precinct 01,741,237,0,135,720,257,0,136,575,397,0,141,600,370,0,143,707,266,0,140
Spring Hill Township Precinct 02,0,0,0,0,0,0,0,0,0,0,0,0,0,0,0,0,0,0,0,0
Spring Hill Township Precinct 03,77,24,0,7,75,26,0,7,63,37,0,8,65,35,0,8,74,27,0,7
Spring Hill Township Precinct 04,15,7,0,1,17,5,0,1,17,4,0,2,15,7,0,1,13,7,0,3
Spring Hill Township Precinct 05,13,3,0,2,13,3,0,2,12,4,0,2,11,5,0,2,12,4,0,2
De Soto Precinct 01,725,285,0,138,666,340,0,142,611,396,0,141,629,377,0,142,672,334,0,142
De Soto Precinct 02,516,187,0,94,475,226,0,96,407,293,0,97,432,268,0,97,476,223,0,98
De Soto Precinct 03,790,249,1,117,741,294,0,122,618,419,0,120,632,402,0,123,723,310,0,124
De Soto Precinct 04,0,0,0,0,0,0,0,0,0,0,0,0,0,0,0,0,0,0,0,0
De Soto Precinct 05,0,0,0,0,0,0,0,0,0,0,0,0,0,0,0,0,0,0,0,0
De Soto Precinct 06,58,26,0,12,53,30,0,13,52,31,0,13,58,26,0,12,54,31,0,11
De Soto Precinct 07,0,0,0,0,0,0,0,0,0,0,0,0,0,0,0,0,0,0,0,0
De Soto Precinct 08,0,0,0,0,0,0,0,0,0,0,0,0,0,0,0,0,0,0,0,0
Edgerton Precinct 01,475,219,1,86,457,231,0,93,420,269,0,92,419,269,0,93,454,236,0,91
Edgerton Precinct 02,0,0,0,0,0,0,0,0,0,0,0,0,0,0,0,0,0,0,0,0
Edgerton Precinct 03,0,0,0,0,0,0,0,0,0,0,0,0,0,0,0,0,0,0,0,0
Edgerton Precinct 04,0,0,0,0,0,0,0,0,0,0,0,0,0,0,0,0,0,0,0,0
Edgerton Precinct 05,7,1,0,0,7,1,0,0,4,4,0,0,4,4,0,0,7,1,0,0
Edgerton Precinct 06,4,3,0,0,4,2,0,1,4,2,0,1,5,1,0,1,4,2,0,1
Edgerton Precinct 07,0,0,0,0,0,0,0,0,0,0,0,0,0,0,0,0,0,0,0,0
Gardner Precinct 01,1186,330,0,179,1121,383,0,191,990,513,0,192,1001,501,0,193,1126,370,0,199
Gardner Precinct 02,201,56,0,26,187,66,0,30,179,74,0,30,183,69,0,31,196,56,0,31
Gardner Precinct 03,838,227,0,128,763,298,0,132,731,327,0,135,728,328,0,137,789,269,0,135
Gardner Precinct 04,620,229,0,109,600,241,0,117,531,312,0,115,548,296,0,114,612,234,0,112
Gardner Precinct 05,0,0,0,0,0,0,0,0,0,0,0,0,0,0,0,0,0,0,0,0
Gardner Precinct 06,983,286,0,155,918,347,0,159,831,433,1,159,860,405,0,159,909,354,0,161
Gardner Precinct 07,18,2,0,6,17,3,0,6,13,6,0,7,15,5,0,6,17,3,0,6
Gardner Precinct 08,233,50,0,33,231,52,0,33,195,86,0,35,199,82,0,35,226,59,0,31
Gardner Precinct 09,1086,377,0,165,1015,439,0,174,939,508,0,181,974,474,0,180,1021,420,0,187
Gardner Precinct 10,756,212,0,130,711,253,1,133,677,287,0,134,683,280,0,135,729,237,0,132
Gardner Precinct 11,0,0,0,0,0,0,0,0,0,0,0,0,0,0,0,0,0,0,0,0
Gardner Precinct 12,9,4,0,0,8,5,0,0,6,7,0,0,6,7,0,0,8,5,0,0
Gardner Precinct 13,689,268,0,91,654,300,1,93,611,345,0,92,627,327,0,94,655,299,0,94
Gardner Precinct 14,503,173,0,89,474,198,0,93,441,232,0,92,449,224,0,92,475,195,1,94
Gardner Precinct 15,0,0,0,0,0,0,0,0,0,0,0,0,0,0,0,0,0,0,0,0
Gardner Precinct 16,0,0,0,0,0,0,0,0,0,0,0,0,0,0,0,0,0,0,0,0
Gardner Precinct 17,0,0,0,0,0,0,0,0,0,0,0,0,0,0,0,0,0,0,0,0
Olathe Ward 1 Precinct 01,700,201,0,130,656,238,0,137,576,315,0,140,606,289,0,136,639,249,0,143
Olathe Ward 1 Precinct 02,462,135,0,61,407,190,0,61,387,206,0,65,411,182,0,65,412,178,0,68
Olathe Ward 1 Precinct 03,352,124,0,44,324,154,0,42,298,179,1,42,322,156,0,42,324,150,0,46
Olathe Ward 1 Precinct 04,758,185,0,101,681,252,0,111,635,297,0,112,642,293,0,109,683,254,0,107
Olathe Ward 1 Precinct 05,621,172,0,83,574,213,0,89,489,297,0,90,491,296,0,89,556,227,0,93
Olathe Ward 1 Precinct 06,431,105,0,60,398,138,0,60,340,192,0,64,357,176,0,63,383,153,0,60
Olathe Ward 1 Precinct 07,0,0,0,0,0,0,0,0,0,0,0,0,0,0,0,0,0,0,0,0
Olathe Ward 1 Precinct 08,1124,322,0,196,1026,407,0,209,956,476,0,210,983,449,0,210,1019,406,0,217
Olathe Ward 1 Precinct 09,718,202,0,97,671,250,0,96,580,337,0,100,594,321,0,102,648,265,0,104
Olathe Ward 1 Precinct 10,0,0,0,0,0,0,0,0,0,0,0,0,0,0,0,0,0,0,0,0
Olathe Ward 1 Precinct 11,126,33,0,14,113,48,0,12,116,43,0,14,114,44,0,15,109,47,0,17
Olathe Ward 1 Precinct 12,0,0,0,0,0,0,0,0,0,0,0,0,0,0,0,0,0,0,0,0
Olathe Ward 1 Precinct 13,0,0,0,0,0,0,0,0,0,0,0,0,0,0,0,0,0,0,0,0
Olathe Ward 1 Precinct 14,621,133,0,86,555,188,0,97,518,232,0,90,526,218,0,96,548,192,0,100
Olathe Ward 1 Precinct 15,669,165,0,79,616,213,0,84,559,270,0,84,564,263,1,85,607,215,0,91
Olathe Ward 1 Precinct 16,930,220,1,169,875,276,0,169,801,344,1,174,817,333,0,170,822,322,0,176
Olathe Ward 1 Precinct 17,266,89,0,51,258,94,0,54,211,142,0,53,216,136,0,54,256,93,1,56
Olathe Ward 1 Precinct 18,560,146,0,85,516,190,0,85,492,208,0,91,493,207,0,91,497,201,0,93
Olathe Ward 1 Precinct 19,327,94,0,54,320,99,0,56,274,144,0,57,268,151,0,56,320,96,0,59
Olathe Ward 1 Precinct 20,452,135,0,66,408,175,1,69,384,195,0,74,396,185,0,72,401,177,0,75
Olathe Ward 1 Precinct 21,815,246,0,145,731,334,0,141,705,355,0,146,734,323,0,149,723,331,0,152
Olathe Ward 1 Precinct 22,1766,479,0,279,1651,584,0,289,1507,732,0,285,1540,699,0,285,1630,602,0,292
Olathe Ward 1 Precinct 23,0,0,0,0,0,0,0,0,0,0,0,0,0,0,0,0,0,0,0,0
Olathe Ward 1 Precinct 24,111,21,0,21,108,24,0,21,90,40,0,23,96,35,0,22,105,25,0,23
Olathe Ward 1 Precinct 25,162,41,0,34,148,52,0,37,132,69,0,36,140,61,0,36,149,52,0,36
Olathe Ward 1 Precinct 26,6,0,0,0,4,2,0,0,6,0,0,0,6,0,0,0,4,2,0,0
Olathe Ward 1 Precinct 27,427,143,0,70,395,177,0,68,347,222,0,71,373,198,0,69,390,180,0,70
Olathe Ward 1 Precinct 28,0,0,0,0,0,0,0,0,0,0,0,0,0,0,0,0,0,0,0,0
Olathe Ward 2 Precinct 01,346,81,0,54,332,94,0,55,276,146,0,59,279,142,0,60,321,98,0,62
Olathe Ward 2 Precinct 02,621,131,0,103,550,199,0,106,553,191,1,110,561,186,0,108,540,208,0,107
Olathe Ward 2 Precinct 03,491,177,0,93,458,215,0,88,403,259,0,99,418,246,0,97,438,222,0,101
Olathe Ward 2 Precinct 04,548,196,0,90,504,239,0,91,474,267,0,93,469,270,0,95,505,230,0,99
Olathe Ward 2 Precinct 05,1409,367,0,254,1364,404,0,262,1175,587,0,268,1212,550,0,268,1310,442,0,278
Olathe Ward 2 Precinct 06,998,198,0,159,948,242,0,165,840,342,0,173,857,326,0,172,924,260,0,171
Olathe Ward 2 Precinct 07,1454,372,1,253,1342,481,0,257,1239,567,0,274,1290,523,0,267,1328,482,0,270
Olathe Ward 2 Precinct 08,790,200,0,166,702,286,0,168,660,320,0,176,689,291,1,175,710,269,0,177
Olathe Ward 2 Precinct 09,442,96,0,66,423,115,0,66,383,153,0,68,391,142,0,71,413,120,0,71
Olathe Ward 2 Precinct 10,1389,395,0,204,1260,518,0,210,1221,548,0,219,1247,523,0,218,1245,521,0,222
Olathe Ward 2 Precinct 11,1137,290,0,193,1025,400,0,195,985,430,0,205,1020,400,0,200,1017,407,0,196
Olathe Ward 2 Precinct 12,535,157,0,68,487,201,0,72,440,247,0,73,461,225,0,74,480,206,0,74
Olathe Ward 2 Precinct 13,534,181,0,75,484,228,0,78,480,232,0,78,482,227,0,81,479,227,0,84
Olathe Ward 2 Precinct 14,498,154,0,71,451,197,0,75,412,232,0,79,430,210,0,83,430,211,0,82
Olathe Ward 2 Precinct 15,726,215,0,104,669,267,0,109,616,321,0,108,634,301,0,110,649,275,0,121
Olathe Ward 2 Precinct 16,223,47,0,27,204,65,0,28,194,75,0,28,204,66,0,27,189,80,0,28
Olathe Ward 2 Precinct 17,0,0,0,0,0,0,0,0,0,0,0,0,0,0,0,0,0,0,0,0
Olathe Ward 2 Precinct 18,0,0,0,0,0,0,0,0,0,0,0,0,0,0,0,0,0,0,0,0
Olathe Ward 2 Precinct 19,5,0,0,6,4,1,0,6,5,0,0,6,6,0,0,5,4,1,0,6
Olathe Ward 2 Precinct 20,0,0,0,0,0,0,0,0,0,0,0,0,0,0,0,0,0,0,0,0
Olathe Ward 2 Precinct 21,0,0,0,1,0,0,0,1,0,0,0,1,0,0,0,1,0,0,0,1
Olathe Ward 2 Precinct 22,1351,298,0,214,1245,397,1,220,1108,530,0,225,1147,496,0,220,1203,429,0,231
Olathe Ward 2 Precinct 23,827,172,0,111,761,230,0,119,742,250,0,118,738,254,0,118,742,252,0,116
Olathe Ward 2 Precinct 24,2,0,0,0,2,0,0,0,2,0,0,0,2,0,0,0,2,0,0,0
Olathe Ward 3 Precinct 01,347,122,0,49,309,159,0,50,303,163,0,52,310,155,0,53,302,165,0,51
Olathe Ward 3 Precinct 02,835,237,0,147,778,297,0,144,718,348,0,153,740,328,0,151,750,314,0,155
Olathe Ward 3 Precinct 03,433,99,0,71,412,118,0,73,336,190,0,77,343,188,0,72,406,123,0,74
Olathe Ward 3 Precinct 04,720,209,0,112,683,238,0,120,604,314,0,123,620,302,0,119,682,234,1,124
Olathe Ward 3 Precinct 05,742,163,0,153,710,187,0,161,581,312,0,165,597,299,0,162,679,214,0,165
Olathe Ward 3 Precinct 06,486,108,0,74,451,140,0,77,405,183,0,80,402,187,0,79,448,144,0,76
Olathe Ward 3 Precinct 07,476,138,0,79,431,183,0,79,387,226,0,80,400,213,0,80,440,175,0,78
Olathe Ward 3 Precinct 08,690,171,0,127,628,231,0,129,566,289,0,133,587,272,0,129,602,254,0,132
Olathe Ward 3 Precinct 09,371,97,0,87,342,120,0,93,287,173,1,94,304,166,0,85,343,116,0,96
Olathe Ward 3 Precinct 10,814,212,0,113,742,289,1,107,705,318,0,116,728,291,1,119,733,287,0,119
Olathe Ward 3 Precinct 11,582,146,0,79,532,196,0,79,501,223,0,83,505,218,0,84,505,215,0,87
Olathe Ward 3 Precinct 12,0,0,0,0,0,0,0,0,0,0,0,0,0,0,0,0,0,0,0,0
Olathe Ward 3 Precinct 13,762,181,0,117,700,244,0,116,636,305,0,119,661,283,0,116,690,252,0,118
Olathe Ward 3 Precinct 14,0,0,0,0,0,0,0,0,0,0,0,0,0,0,0,0,0,0,0,0
Olathe Ward 3 Precinct 15,632,159,0,108,561,228,0,110,533,249,0,117,546,238,0,115,558,228,0,113
Olathe Ward 3 Precinct 16,613,186,0,114,585,215,0,113,545,251,0,117,546,252,0,115,563,233,1,116
Olathe Ward 3 Precinct 17,936,230,0,132,860,300,0,138,770,382,0,146,773,378,0,147,833,315,0,150
Olathe Ward 3 Precinct 18,93,19,0,15,85,27,0,15,85,28,0,14,84,28,0,15,86,26,0,15
Olathe Ward 3 Precinct 19,517,118,0,96,477,157,0,97,420,210,0,101,424,205,0,102,463,166,0,102
Olathe Ward 3 Precinct 20,587,132,0,105,567,151,0,106,525,191,0,108,537,179,0,108,549,163,0,112
Olathe Ward 3 Precinct 21,1333,301,0,197,1266,363,0,202,1114,508,0,209,1138,483,0,210,1261,358,0,212
Olathe Ward 3 Precinct 22,620,179,0,98,590,207,0,100,522,277,0,98,544,254,0,99,577,212,0,108
Olathe Ward 3 Precinct 23,644,168,0,96,580,234,0,94,542,268,0,98,558,251,0,99,571,238,0,99
Olathe Ward 3 Precinct 24,308,91,0,40,274,125,0,40,243,153,0,43,246,151,0,42,276,117,0,46
Olathe Ward 3 Precinct 25,2,0,0,0,2,0,0,0,1,1,0,0,1,1,0,0,2,0,0,0
Olathe Ward 4 Precinct 01,655,163,0,93,578,231,0,102,553,257,0,101,584,230,0,97,589,220,0,102
Olathe Ward 4 Precinct 02,938,196,0,199,833,301,0,199,792,342,0,199,809,324,0,200,827,302,0,204
Olathe Ward 4 Precinct 03,469,137,0,65,415,186,0,70,418,180,1,72,431,169,0,71,417,179,0,75
Olathe Ward 4 Precinct 04,390,144,0,53,364,167,0,56,317,212,0,58,326,199,0,62,340,187,0,60
Olathe Ward 4 Precinct 05,714,159,0,119,653,211,0,128,596,267,0,129,611,250,0,131,632,223,0,137
Olathe Ward 4 Precinct 06,911,233,0,160,819,323,0,162,798,339,0,167,803,338,0,163,791,346,0,167
Olathe Ward 4 Precinct 07,787,251,0,133,705,336,0,130,647,382,0,142,673,353,1,144,692,335,0,144
Olathe Ward 4 Precinct 08,692,132,0,134,650,179,0,129,590,232,0,136,606,218,0,134,621,195,0,142
Olathe Ward 4 Precinct 09,885,257,0,202,815,330,0,199,743,394,0,207,749,388,0,207,797,339,0,208
Olathe Ward 4 Precinct 10,582,123,0,87,512,192,0,88,490,212,0,90,505,197,0,90,498,205,0,89
Olathe Ward 4 Precinct 11,378,106,0,49,322,157,0,54,333,145,0,55,338,140,0,55,322,158,0,53
Olathe Ward 4 Precinct 12,1032,259,0,185,961,330,0,185,895,388,0,193,917,365,1,193,947,339,0,190
Olathe Ward 4 Precinct 13,507,120,0,66,443,176,0,74,408,205,0,80,438,178,0,77,441,174,0,78
Olathe Ward 4 Precinct 14,994,214,1,189,880,325,0,193,834,357,1,206,865,332,0,201,865,335,0,198
Olathe Ward 4 Precinct 15,72,11,0,4,58,26,0,3,60,24,0,3,60,24,0,3,62,21,0,4
Olathe Ward 4 Precinct 16,278,81,0,45,261,100,0,43,250,112,0,42,262,100,0,42,244,117,0,43
Olathe Ward 4 Precinct 17,5,0,0,1,5,0,0,1,5,0,0,1,5,0,0,1,5,0,0,1
Olathe Ward 4 Precinct 18,741,162,0,114,689,213,0,115,627,271,0,119,643,261,0,113,673,225,0,119
Olathe Ward 4 Precinct 19,803,172,0,117,745,226,0,121,699,270,0,123,703,269,0,120,733,240,0,119
Spring Hill Precinct 01,1633,518,0,282,1566,584,0,283,1396,743,1,293,1427,718,1,287,1565,568,0,300
Spring Hill Precinct 02,0,0,0,0,0,0,0,0,0,0,0,0,0,0,0,0,0,0,0,0
Spring Hill Precinct 03,158,30,0,11,151,35,0,13,135,51,0,13,129,59,0,11,153,35,0,11
Spring Hill Precinct 04,1,1,0,0,1,1,0,0,1,1,0,0,1,1,0,0,1,1,0,0
Fairway Ward 1 Precinct 01,291,83,0,80,227,140,0,87,280,87,0,87,285,84,0,85,229,141,0,84
Fairway Ward 1 Precinct 02,226,41,0,51,197,67,0,54,206,57,0,55,211,52,0,55,186,75,0,57
Fairway Ward 2 Precinct 01,219,40,0,32,194,65,0,32,198,59,0,34,196,62,0,33,192,67,0,32
Fairway Ward 2 Precinct 02,212,57,0,56,173,92,0,60,197,71,0,57,198,69,0,58,164,99,0,62
Fairway Ward 3 Precinct 01,301,45,0,64,263,83,0,64,286,62,0,62,299,52,0,59,241,104,0,65
Fairway Ward 3 Precinct 02,251,68,0,57,217,100,0,59,238,78,0,60,244,74,0,58,217,96,0,63
Fairway Ward 4 Precinct 01,135,34,0,17,105,60,0,21,118,46,0,22,123,45,0,18,112,54,0,20
Fairway Ward 4 Precinct 02,149,38,1,22,125,61,0,24,138,48,0,24,140,46,0,24,127,58,0,25
Fairway Ward 4 Precinct 03,89,23,0,28,76,36,0,28,84,29,0,27,87,26,0,27,73,37,0,30
Fairway Ward 4 Precinct 04,123,27,0,37,106,41,0,40,106,41,0,40,111,35,0,41,97,49,0,41
Leawood Ward 1 Precinct 01,506,113,0,105,450,170,0,104,479,135,0,110,492,120,0,112,437,175,0,112
Leawood Ward 1 Precinct 02,809,130,0,175,734,203,0,177,737,199,1,177,741,193,0,180,723,207,0,184
Leawood Ward 1 Precinct 03,682,146,0,161,610,213,0,166,616,198,0,175,624,193,0,172,597,216,0,176
Leawood Ward 1 Precinct 04,569,140,0,128,482,222,0,133,516,184,0,137,527,179,0,131,474,228,0,135
Leawood Ward 1 Precinct 05,477,132,0,105,428,178,0,108,426,181,1,106,447,160,0,107,431,172,0,111
Leawood Ward 1 Precinct 06,152,29,0,35,111,70,0,35,127,55,0,34,132,49,0,35,111,71,0,34
Leawood Ward 1 Precinct 07,594,176,0,129,532,241,0,126,540,226,0,133,565,201,0,133,512,249,0,138
Leawood Ward 2 Precinct 01,549,140,0,112,494,191,0,116,477,207,0,117,487,199,0,115,502,180,0,119
Leawood Ward 2 Precinct 02,844,182,0,154,733,285,0,162,715,300,0,165,746,273,0,161,730,284,0,166
Leawood Ward 2 Precinct 03,714,147,0,149,641,212,0,157,600,255,0,155,617,234,0,159,616,227,0,167
Leawood Ward 2 Precinct 04,741,184,0,144,699,228,0,142,636,286,0,147,649,273,0,147,672,249,0,148
Leawood Ward 2 Precinct 05,445,127,0,70,391,175,0,76,390,178,0,74,396,171,0,75,368,193,0,81
Leawood Ward 2 Precinct 06,362,96,0,60,320,132,0,66,309,139,1,69,319,133,0,66,320,132,0,66
Leawood Ward 2 Precinct 07,398,100,0,60,357,139,0,62,326,169,0,63,347,148,0,63,337,155,0,66
Leawood Ward 3 Precinct 01,725,125,0,108,650,194,0,114,609,231,0,118,633,211,0,114,629,207,0,122
Leawood Ward 3 Precinct 02,727,179,0,100,659,244,0,103,672,231,0,103,680,226,0,100,634,269,0,103
Leawood Ward 3 Precinct 03,479,107,0,76,449,138,0,75,428,161,0,73,428,159,0,75,441,144,0,77
Leawood Ward 3 Precinct 04,259,46,0,62,218,84,0,65,237,63,1,66,248,51,0,68,217,82,0,68
Leawood Ward 3 Precinct 05,1185,287,0,221,1072,387,0,234,1040,414,0,239,1065,395,0,233,1062,398,0,233
Leawood Ward 3 Precinct 06,1134,285,0,183,1028,385,0,189,978,427,0,197,972,433,0,197,1000,395,0,207
Leawood Ward 4 Precinct 01,221,46,0,34,213,54,0,34,185,87,0,29,185,83,0,33,204,63,0,34
Leawood Ward 4 Precinct 02,584,120,0,110,558,147,0,109,502,202,0,110,511,192,0,111,532,170,0,112
Leawood Ward 4 Precinct 03,486,114,0,81,455,139,0,87,391,204,0,86,406,188,0,87,445,149,0,87
Leawood Ward 4 Precinct 04,743,158,0,125,691,207,1,127,636,262,0,128,631,265,0,130,660,239,0,127
Leawood Ward 4 Precinct 05,730,171,1,126,677,220,0,131,653,245,0,130,667,230,0,131,668,223,0,137
Leawood Ward 4 Precinct 06,591,126,0,128,543,169,0,133,479,230,0,136,477,235,0,133,520,189,0,136
Leawood Ward 4 Precinct 07,1163,286,0,233,1056,379,0,247,998,432,2,250,1026,409,2,245,1044,382,0,256
Lenexa Ward 1 Precinct 01,1560,415,0,282,1416,535,0,306,1333,623,0,301,1352,598,0,307,1361,588,0,308
Lenexa Ward 1 Precinct 02,795,239,0,122,686,337,0,133,670,357,0,129,703,321,0,132,702,322,0,132
Lenexa Ward 1 Precinct 03,962,219,0,168,830,334,1,184,791,369,1,188,819,351,0,179,801,356,0,192
Lenexa Ward 1 Precinct 04,711,169,0,109,597,271,0,121,578,287,0,124,609,264,0,116,602,262,0,125
Lenexa Ward 1 Precinct 05,43,10,0,6,39,13,0,7,39,13,0,7,37,14,0,8,38,13,0,8
Lenexa Ward 1 Precinct 06,1051,250,1,174,925,355,0,196,897,380,0,199,921,360,0,195,905,379,0,192
Lenexa Ward 1 Precinct 07,147,52,0,23,136,58,1,27,132,64,0,26,137,59,0,26,138,57,0,27
Lenexa Ward 1 Precinct 08,501,135,0,106,430,200,0,112,447,181,0,114,459,170,0,113,425,202,0,115
Lenexa Ward 1 Precinct 09,19,1,0,4,18,1,0,5,18,2,0,4,19,1,0,4,19,1,0,4
Lenexa Ward 2 Precinct 01,734,143,0,101,665,204,0,109,618,248,0,112,634,231,0,113,651,217,0,110
Lenexa Ward 2 Precinct 02,1122,267,0,185,1066,317,0,191,964,414,0,196,972,407,0,195,1008,359,0,207
Lenexa Ward 2 Precinct 03,1002,238,0,162,920,313,0,169,825,403,0,174,840,391,0,171,900,323,0,179
Lenexa Ward 2 Precinct 04,1043,239,1,198,1013,263,1,204,844,419,0,218,863,402,0,216,960,302,0,219
Lenexa Ward 2 Precinct 05,813,191,0,115,721,275,0,123,699,300,0,120,710,290,0,119,714,285,0,120
Lenexa Ward 2 Precinct 06,473,104,0,107,439,132,0,113,388,183,0,113,390,182,0,112,413,151,0,120
Lenexa Ward 2 Precinct 07,1005,233,0,160,901,331,0,166,865,361,0,172,887,342,0,169,881,344,0,173
Lenexa Ward 2 Precinct 08,0,0,0,0,0,0,0,0,0,0,0,0,0,0,0,0,0,0,0,0
Lenexa Ward 2 Precinct 09,0,0,0,0,0,0,0,0,0,0,0,0,0,0,0,0,0,0,0,0
Lenexa Ward 2 Precinct 10,257,76,0,42,200,126,0,49,235,92,0,48,240,87,0,48,216,112,0,47
Lenexa Ward 2 Precinct 11,415,113,0,54,373,150,0,59,354,172,0,56,365,160,0,57,371,150,0,61
Lenexa Ward 3 Precinct 01,656,160,0,114,538,273,0,119,561,248,0,121,589,220,0,121,562,246,0,122
Lenexa Ward 3 Precinct 02,1012,269,0,168,835,427,0,187,886,370,0,193,936,323,0,190,847,408,0,194
Lenexa Ward 3 Precinct 03,876,206,0,163,786,285,0,174,762,307,0,176,784,294,0,167,779,286,0,180
Lenexa Ward 3 Precinct 04,558,143,0,89,506,189,0,95,451,242,1,96,464,226,0,100,484,200,0,106
Lenexa Ward 3 Precinct 05,642,144,1,101,523,260,0,105,547,232,0,109,574,205,0,109,535,244,0,109
Lenexa Ward 3 Precinct 06,505,137,0,96,425,206,1,106,434,199,0,105,447,186,0,105,415,217,0,106
Lenexa Ward 3 Precinct 07,669,181,0,101,575,263,0,113,570,269,0,112,596,243,0,112,574,264,0,113
Lenexa Ward 3 Precinct 08,666,152,0,109,584,226,0,117,573,244,0,110,559,253,1,114,580,229,0,118
Lenexa Ward 3 Precinct 09,631,156,0,107,529,253,0,112,498,281,0,115,511,271,0,112,508,272,0,114
Lenexa Ward 4 Precinct 01,333,102,0,51,296,132,0,58,300,128,0,58,304,124,0,58,289,143,0,54
Lenexa Ward 4 Precinct 02,635,163,0,93,581,218,0,92,542,252,0,97,561,236,0,94,562,234,0,95
Lenexa Ward 4 Precinct 03,472,123,0,110,427,167,0,111,424,167,0,114,427,163,0,115,426,161,0,118
Lenexa Ward 4 Precinct 04,388,111,0,58,342,152,0,63,299,193,0,65,321,171,0,65,342,155,0,60
Lenexa Ward 4 Precinct 05,305,83,0,51,266,117,0,56,251,131,0,57,270,112,0,57,267,117,0,55
Lenexa Ward 4 Precinct 06,692,169,0,113,613,236,0,125,593,257,0,124,612,240,0,122,617,233,1,123
Lenexa Ward 4 Precinct 07,588,128,0,57,507,196,0,70,477,224,0,72,486,216,1,70,497,201,1,74
Lenexa Ward 4 Precinct 08,494,78,0,87,463,97,0,99,407,152,0,100,421,138,0,100,441,106,0,112
Lenexa Ward 4 Precinct 09,558,143,0,90,473,225,0,93,468,229,0,94,479,216,0,96,465,227,0,99
Lenexa Ward 4 Precinct 10,352,98,0,56,308,138,0,60,299,144,0,63,315,131,0,60,294,147,0,65
Lenexa Ward 4 Precinct 11,96,20,0,13,81,33,0,15,79,35,0,15,82,32,0,15,83,30,0,16
Lenexa Ward 4 Precinct 12,455,149,0,76,410,186,0,84,381,216,0,83,397,202,0,81,405,189,0,86
Merriam Ward 1 Precinct 01,191,68,0,32,156,100,1,34,159,93,0,39,173,85,0,33,151,104,0,36
Merriam Ward 1 Precinct 02,244,69,0,54,198,111,0,58,205,105,0,57,212,98,0,57,203,105,0,59
Merriam Ward 1 Precinct 03,187,45,0,39,153,78,0,40,163,66,0,42,167,66,0,38,154,76,0,41
Merriam Ward 1 Precinct 04,284,75,0,37,234,123,0,39,241,115,0,40,253,105,0,38,227,125,0,44
Merriam Ward 2 Precinct 01,586,207,0,143,543,247,0,146,497,289,0,150,513,275,0,148,528,251,0,157
Merriam Ward 2 Precinct 02,3,2,0,0,2,3,0,0,2,3,0,0,2,3,0,0,2,3,0,0
Merriam Ward 2 Precinct 03,343,104,0,78,274,164,0,87,309,133,0,83,327,117,0,81,295,145,0,85
Merriam Ward 3 Precinct 01,563,173,0,134,468,264,0,138,516,218,0,136,537,194,1,138,478,255,0,137
Merriam Ward 3 Precinct 02,482,151,0,111,399,228,1,116,410,214,0,120,433,195,0,116,404,222,0,118
Merriam Ward 4 Precinct 01,661,177,0,122,524,307,0,129,563,265,0,132,592,242,0,126,531,298,0,131
Merriam Ward 4 Precinct 02,260,74,0,52,219,109,0,58,216,112,0,58,232,98,0,56,211,115,0,60
Merriam Ward 4 Precinct 03,327,94,1,76,277,141,0,80,292,123,0,83,301,115,0,82,276,139,0,83
Mission Ward 1 Precinct 01,352,90,0,61,295,145,0,63,321,119,0,63,322,116,0,65,285,150,0,68
Mission Ward 1 Precinct 02,427,113,0,88,341,192,0,95,381,151,0,96,401,133,0,94,360,175,0,93
Mission Ward 2 Precinct 01,596,164,0,115,465,287,0,123,531,220,0,124,556,194,1,124,472,278,1,124
Mission Ward 2 Precinct 02,516,154,0,116,424,241,0,121,455,202,0,129,466,191,0,129,429,230,0,127
Mission Ward 3 Precinct 01,642,154,0,133,523,266,0,140,580,208,0,141,592,197,1,139,534,250,0,145
Mission Ward 3 Precinct 02,293,73,0,64,246,116,0,68,266,99,0,65,267,101,0,62,242,122,0,66
Mission Ward 4 Precinct 01,358,88,0,73,297,148,0,74,320,124,0,75,339,103,0,77,294,149,0,76
Mission Ward 4 Precinct 02,473,122,0,108,407,182,0,114,432,157,0,114,456,139,0,108,408,185,0,110
Mission Ward 4 Precinct 03,323,87,1,66,268,136,0,73,286,121,0,70,291,112,0,74,263,137,0,77
Mission Hills Precinct 01,427,93,0,69,396,117,0,76,388,118,0,83,399,107,0,83,379,124,0,86
Mission Hills Precinct 02,539,114,0,126,495,159,0,125,526,127,0,126,545,112,0,122,488,165,0,126
Mission Hills Precinct 03,338,72,0,72,317,91,0,74,328,79,0,75,332,72,0,78,304,98,0,80
Mission Hills Precinct 04,525,153,0,128,505,173,0,128,493,181,0,132,520,159,0,127,494,177,0,135
Mission Woods Precinct 01,99,23,0,23,78,45,0,22,90,33,0,22,95,28,0,22,80,42,0,23
Overland Park Ward 1 Precinct 01,530,176,0,91,431,270,0,96,465,237,0,95,489,217,0,91,437,261,0,99
Overland Park Ward 1 Precinct 02,606,205,0,148,507,294,0,158,552,250,0,157,577,231,0,151,512,288,0,159
Overland Park Ward 1 Precinct 03,576,169,0,88,481,255,0,97,516,219,0,98,541,198,0,94,481,253,0,99
Overland Park Ward 1 Precinct 04,211,54,0,50,168,94,0,53,187,74,0,54,195,65,0,55,164,95,0,56
Overland Park Ward 1 Precinct 05,408,99,0,77,338,162,0,84,361,144,0,79,370,135,0,79,333,164,0,87
Overland Park Ward 1 Precinct 06,672,171,0,112,548,294,0,113,583,253,0,119,622,220,0,113,545,288,0,122
Overland Park Ward 1 Precinct 07,705,220,0,127,629,295,0,128,637,282,0,133,663,259,0,130,604,308,0,140
Overland Park Ward 1 Precinct 08,571,175,0,113,462,263,0,134,503,229,0,127,533,202,0,124,495,238,0,126
Overland Park Ward 1 Precinct 09,328,93,0,77,277,141,0,80,297,119,0,82,297,121,0,80,288,128,0,82
Overland Park Ward 1 Precinct 10,709,217,0,138,636,276,0,152,630,285,0,149,640,276,0,148,622,282,0,160
Overland Park Ward 1 Precinct 11,270,73,0,46,237,102,0,50,249,88,0,52,254,85,0,50,241,97,0,51
Overland Park Ward 1 Precinct 12,682,188,0,129,572,289,0,138,622,242,0,135,652,220,0,127,576,286,0,137
Overland Park Ward 1 Precinct 13,433,134,0,77,384,182,0,78,392,168,0,84,418,144,0,82,386,178,0,80
Overland Park Ward 1 Precinct 14,600,182,0,102,513,261,0,110,544,228,1,111,571,206,0,107,506,269,0,109
Overland Park Ward 1 Precinct 15,286,75,1,54,224,134,1,57,250,106,1,59,256,104,1,55,223,133,1,59
Overland Park Ward 1 Precinct 16,808,246,0,168,670,372,0,180,726,321,0,175,762,289,0,171,675,361,0,186
Overland Park Ward 1 Precinct 17,322,93,0,61,278,137,0,61,297,111,0,68,306,107,0,63,278,137,0,61
Overland Park Ward 1 Precinct 18,540,103,0,95,462,177,0,99,503,134,0,101,512,124,0,102,456,175,0,107
Overland Park Ward 1 Precinct 19,483,148,0,106,422,199,0,116,422,202,0,113,450,174,0,113,437,177,0,123
Overland Park Ward 1 Precinct 20,329,77,0,65,279,123,1,68,278,126,0,67,285,119,0,67,270,134,0,67
Overland Park Ward 1 Precinct 21,187,59,0,37,156,85,0,42,161,81,0,41,168,77,0,38,167,75,0,41
Overland Park Ward 1 Precinct 22,124,64,0,33,106,82,0,33,116,73,0,32,117,71,0,33,97,88,0,36
Overland Park Ward 1 Precinct 23,492,118,0,100,423,182,0,105,446,161,0,103,456,151,0,103,419,188,0,103
Overland Park Ward 2 Precinct 01,478,145,0,77,431,191,0,78,431,187,0,82,449,171,1,79,424,192,0,84
Overland Park Ward 2 Precinct 02,550,164,0,91,474,235,1,95,451,260,0,94,472,238,0,95,470,234,0,101
Overland Park Ward 2 Precinct 03,486,113,0,74,407,186,0,80,436,162,0,75,437,154,0,82,392,200,0,81
Overland Park Ward 2 Precinct 04,564,160,0,92,496,224,0,96,486,232,0,98,513,209,0,94,494,219,0,103
Overland Park Ward 2 Precinct 05,546,211,0,112,462,287,0,120,502,244,0,123,537,219,0,113,484,263,0,122
Overland Park Ward 2 Precinct 06,453,129,0,84,374,201,0,91,378,197,1,90,394,183,0,89,377,191,0,98
Overland Park Ward 2 Precinct 07,396,98,0,84,331,156,0,91,332,155,0,91,360,129,0,89,344,144,0,90
Overland Park Ward 2 Precinct 08,442,164,0,118,378,222,0,124,415,187,0,122,425,181,0,118,398,204,0,122
Overland Park Ward 2 Precinct 09,451,133,0,82,384,191,0,91,390,189,0,87,405,172,0,89,390,183,0,93
Overland Park Ward 2 Precinct 10,368,103,0,76,329,133,0,85,302,161,0,84,311,153,0,83,332,131,0,84
Overland Park Ward 2 Precinct 11,463,125,0,99,369,213,0,105,413,173,0,101,437,153,0,97,376,204,0,107
Overland Park Ward 2 Precinct 12,366,110,0,89,294,171,1,99,335,134,1,95,352,126,0,87,291,176,0,98
Overland Park Ward 2 Precinct 13,352,101,0,68,313,137,0,71,334,118,0,69,346,108,0,67,329,118,0,74
Overland Park Ward 2 Precinct 14,386,113,0,61,343,152,0,65,356,135,0,69,364,128,1,67,342,147,0,71
Overland Park Ward 2 Precinct 15,670,169,1,117,560,275,0,122,575,258,1,123,583,251,0,123,574,254,0,129
Overland Park Ward 2 Precinct 16,382,88,0,66,328,143,0,65,323,144,0,69,331,137,0,68,317,149,0,70
Overland Park Ward 2 Precinct 17,598,153,0,95,542,205,0,99,506,244,0,96,526,227,0,93,520,226,0,100
Overland Park Ward 2 Precinct 18,670,186,0,134,568,286,0,136,604,249,0,137,620,231,0,139,583,261,0,146
Overland Park Ward 2 Precinct 19,415,87,0,85,365,135,0,87,354,143,0,90,366,137,0,84,362,135,0,90
Overland Park Ward 2 Precinct 20,363,87,0,60,338,108,0,64,309,137,0,64,311,135,0,64,319,125,0,66
Overland Park Ward 2 Precinct 21,418,94,0,99,364,144,0,103,365,143,0,103,386,128,0,97,345,168,0,98
Overland Park Ward 2 Precinct 22,497,139,0,101,413,219,0,105,443,193,0,101,460,174,0,103,424,209,0,104
Overland Park Ward 2 Precinct 23,500,105,0,83,456,144,0,88,447,149,0,92,452,142,0,94,446,152,0,90
Overland Park Ward 2 Precinct 24,916,227,1,170,814,325,0,175,845,287,0,182,873,266,0,175,818,314,0,182
Overland Park Ward 2 Precinct 25,643,134,0,138,555,217,0,143,585,184,0,146,606,174,0,135,534,232,0,149
Overland Park Ward 2 Precinct 26,236,83,0,45,194,125,0,45,210,108,0,46,218,102,0,44,200,117,0,47
Overland Park Ward 2 Precinct 27,629,166,0,137,569,219,0,144,551,241,0,140,564,229,1,138,555,231,0,146
Overland Park Ward 3 Precinct 01,837,237,0,137,768,295,0,148,706,357,0,148,729,336,0,146,756,305,0,150
Overland Park Ward 3 Precinct 02,662,171,0,84,584,244,0,89,578,251,1,87,589,239,1,88,579,250,0,88
Overland Park Ward 3 Precinct 03,432,114,0,83,383,152,0,94,386,155,0,88,394,150,0,85,367,164,0,98
Overland Park Ward 3 Precinct 04,592,162,0,101,522,230,0,103,510,243,1,101,535,219,0,101,511,242,0,102
Overland Park Ward 3 Precinct 05,632,165,0,129,567,227,0,132,547,243,0,136,563,232,0,131,573,216,0,137
Overland Park Ward 3 Precinct 06,674,186,0,119,587,263,0,129,583,267,0,129,592,263,0,124,578,267,0,134
Overland Park Ward 3 Precinct 07,503,138,0,86,424,216,0,87,436,202,0,89,467,174,0,86,427,209,0,91
Overland Park Ward 3 Precinct 08,474,149,0,102,435,185,0,105,436,188,0,101,444,180,0,101,418,197,0,110
Overland Park Ward 3 Precinct 09,797,187,0,123,731,252,0,124,663,311,0,133,683,292,0,132,715,256,0,136
Overland Park Ward 3 Precinct 10,406,95,0,72,384,116,0,73,321,175,0,77,332,160,0,81,364,128,0,81
Overland Park Ward 3 Precinct 11,605,157,0,109,538,213,0,120,498,254,0,119,511,242,0,118,528,224,0,119
Overland Park Ward 3 Precinct 12,414,149,0,78,353,203,0,85,378,180,0,83,392,163,0,86,368,188,0,85
Overland Park Ward 3 Precinct 13,1077,289,1,191,955,402,0,201,892,460,0,206,928,421,1,208,933,414,0,211
Overland Park Ward 3 Precinct 14,793,187,0,148,688,286,0,154,701,269,0,158,729,253,0,146,694,280,0,154
Overland Park Ward 3 Precinct 15,465,125,0,76,403,188,0,75,395,192,0,79,412,180,0,74,401,185,0,80
Overland Park Ward 3 Precinct 16,507,152,0,90,440,225,0,84,452,206,0,91,471,190,0,88,432,223,0,94
Overland Park Ward 3 Precinct 17,414,111,0,69,371,151,0,72,346,172,0,76,355,168,0,71,375,150,0,69
Overland Park Ward 3 Precinct 18,795,231,0,148,708,309,0,157,720,293,0,161,758,259,0,157,715,290,0,169
Overland Park Ward 3 Precinct 19,712,180,0,103,623,257,0,115,619,263,0,113,648,238,0,109,607,272,0,116
Overland Park Ward 3 Precinct 20,648,189,0,125,563,266,0,133,551,280,0,131,576,264,0,122,550,279,0,133
Overland Park Ward 3 Precinct 21,543,125,0,86,487,179,0,88,457,210,0,87,472,200,0,82,490,173,0,91
Overland Park Ward 3 Precinct 22,328,109,0,60,287,148,1,61,303,133,1,60,316,123,0,58,289,144,0,64
Overland Park Ward 3 Precinct 23,557,127,0,90,478,201,0,95,501,178,0,95,510,170,0,94,478,196,0,100
Overland Park Ward 4 Precinct 01,686,132,0,130,641,166,0,141,596,208,1,143,609,208,0,131,621,179,0,148
Overland Park Ward 4 Precinct 02,933,225,0,172,854,294,0,182,788,359,0,183,814,335,0,181,850,297,0,183
Overland Park Ward 4 Precinct 03,1042,186,0,183,962,255,0,194,895,321,0,195,897,320,0,194,936,273,0,202
Overland Park Ward 4 Precinct 04,914,214,0,193,816,294,0,211,749,359,0,213,768,348,0,205,799,313,0,209
Overland Park Ward 4 Precinct 05,713,160,0,151,638,230,0,156,605,264,0,155,620,248,0,156,636,232,0,156
Overland Park Ward 4 Precinct 06,574,155,0,100,517,207,0,105,488,237,0,104,516,212,0,101,521,207,0,101
Overland Park Ward 4 Precinct 07,483,122,0,93,441,160,0,97,418,186,0,94,426,182,0,90,442,161,0,95
Overland Park Ward 4 Precinct 08,646,148,0,80,602,188,0,84,538,249,0,87,539,249,0,86,589,195,0,90
Overland Park Ward 4 Precinct 09,592,149,0,89,552,185,0,93,495,244,0,91,514,230,1,85,538,198,0,94
Overland Park Ward 4 Precinct 10,491,83,0,76,449,124,1,76,421,150,0,79,435,138,0,77,447,122,0,81
Overland Park Ward 4 Precinct 11,799,194,0,138,734,258,0,139,689,294,0,148,711,280,0,140,709,273,0,149
Overland Park Ward 4 Precinct 12,1024,264,0,210,904,371,0,223,843,434,0,221,896,390,0,212,918,352,0,228
Overland Park Ward 4 Precinct 13,623,176,0,143,597,203,1,141,534,261,1,146,542,260,0,140,577,217,0,148
Overland Park Ward 4 Precinct 14,391,83,0,72,354,117,0,75,306,159,0,81,317,150,0,79,355,115,0,76
Overland Park Ward 4 Precinct 15,965,209,0,181,854,313,0,188,792,378,0,185,814,357,0,184,852,318,0,185
Overland Park Ward 4 Precinct 16,1027,222,0,200,916,321,0,212,888,357,0,204,888,355,0,206,897,341,0,211
Overland Park Ward 4 Precinct 17,995,202,0,168,890,295,0,180,847,337,0,181,864,321,0,180,865,320,0,180
Overland Park Ward 4 Precinct 18,194,66,0,38,166,95,0,37,182,77,0,39,188,69,0,41,169,87,0,42
Overland Park Ward 4 Precinct 19,848,161,0,157,790,209,0,167,750,253,0,163,748,254,0,164,782,214,0,170
Overland Park Ward 5 Precinct 01,671,213,0,120,598,280,0,126,588,290,0,126,589,287,0,128,581,290,0,133
Overland Park Ward 5 Precinct 02,124,16,0,31,108,31,0,32,107,30,0,34,111,28,0,32,111,25,0,35
Overland Park Ward 5 Precinct 03,702,173,0,136,631,228,0,152,603,267,0,141,615,256,0,140,629,233,0,149
Overland Park Ward 5 Precinct 04,1298,367,0,232,1222,432,0,243,1124,535,0,238,1147,513,0,237,1202,445,0,250
Overland Park Ward 5 Precinct 05,955,172,0,196,885,238,0,200,869,250,0,204,891,231,0,201,887,226,0,210
Overland Park Ward 5 Precinct 06,662,175,0,113,564,270,0,116,592,236,0,122,605,223,0,122,573,253,0,124
Overland Park Ward 5 Precinct 07,918,189,0,176,858,246,0,179,791,312,0,180,810,295,0,178,845,261,0,177
Overland Park Ward 5 Precinct 08,1298,324,0,256,1174,438,0,266,1187,419,0,272,1190,422,1,265,1155,450,0,273
Overland Park Ward 5 Precinct 09,885,204,0,168,782,300,0,175,765,313,1,178,780,309,1,167,773,301,0,183
Overland Park Ward 5 Precinct 10,772,165,0,136,683,247,0,143,675,261,0,137,688,245,0,140,671,251,0,151
Overland Park Ward 5 Precinct 11,909,218,0,171,809,320,0,169,804,325,1,168,836,297,0,165,820,305,0,173
Overland Park Ward 5 Precinct 12,473,92,0,61,411,154,0,61,403,159,0,64,410,152,0,64,391,165,0,70
Overland Park Ward 5 Precinct 13,887,168,0,173,770,276,1,181,799,248,0,181,816,236,0,176,762,278,0,188
Overland Park Ward 5 Precinct 14,729,170,0,137,651,245,0,140,649,250,0,137,662,240,0,134,634,262,0,140
Overland Park Ward 5 Precinct 15,762,184,0,150,645,292,0,159,669,267,0,160,681,253,0,162,635,294,0,167
Overland Park Ward 5 Precinct 16,437,93,0,88,399,122,0,97,381,148,0,89,388,138,0,92,401,121,0,96
Overland Park Ward 5 Precinct 17,315,68,0,60,275,106,1,61,286,95,0,62,291,90,0,62,268,113,0,62
Overland Park Ward 6 Precinct 01,767,159,0,141,690,233,0,144,635,287,0,145,635,285,2,145,693,227,0,147
Overland Park Ward 6 Precinct 02,665,170,0,116,628,200,0,123,581,241,0,129,586,241,0,124,601,220,0,130
Overland Park Ward 6 Precinct 03,684,127,0,129,642,164,0,134,607,194,0,139,609,195,0,136,614,178,0,148
Overland Park Ward 6 Precinct 04,861,154,0,174,766,241,0,182,730,278,0,181,743,260,0,186,751,247,0,191
Overland Park Ward 6 Precinct 05,898,231,0,170,799,314,0,186,769,351,0,179,787,341,0,171,789,324,0,186
Overland Park Ward 6 Precinct 06,0,0,0,0,0,0,0,0,0,0,0,0,0,0,0,0,0,0,0,0
Overland Park Ward 6 Precinct 07,224,63,0,40,216,70,0,41,161,125,0,41,169,119,0,39,221,63,0,43
Overland Park Ward 6 Precinct 08,2681,588,0,500,2547,709,0,513,2348,907,0,514,2380,866,1,522,2522,716,0,531
Overland Park Ward 6 Precinct 09,1217,327,0,221,1134,402,0,229,1040,493,0,232,1068,472,0,225,1118,417,0,230
Overland Park Ward 6 Precinct 10,894,214,0,151,829,272,0,158,790,310,0,159,794,312,0,153,822,279,0,158
Overland Park Ward 6 Precinct 11,1601,369,0,317,1541,415,0,331,1395,562,0,330,1430,532,1,324,1519,432,0,336
Overland Park Ward 6 Precinct 12,302,96,0,53,271,120,0,60,256,136,0,59,265,129,0,57,271,123,0,57
Overland Park Ward 6 Precinct 13,533,144,0,93,512,164,0,94,456,218,0,96,453,227,0,90,508,166,0,96
Overland Park Ward 6 Precinct 14,0,0,0,0,0,0,0,0,0,0,0,0,0,0,0,0,0,0,0,0
Overland Park Ward 6 Precinct 15,970,264,0,198,902,323,0,207,874,354,0,204,881,340,1,210,873,344,1,214
Overland Park Ward 6 Precinct 16,488,119,0,98,452,154,0,99,433,174,0,98,441,165,0,99,447,159,0,99
Overland Park Ward 6 Precinct 17,134,39,0,36,125,46,0,38,104,66,0,39,110,63,0,36,121,51,0,37
Overland Park Ward 6 Precinct 18,49,12,0,10,48,13,0,10,39,22,0,10,37,24,0,10,40,21,0,10
Overland Park Ward 6 Precinct 19,796,212,0,120,713,292,0,123,683,324,0,121,684,326,0,118,703,303,0,122
Prairie Village Ward 1 Precinct 01,716,153,0,163,609,253,0,170,655,206,0,171,688,176,0,168,591,272,1,168
Prairie Village Ward 1 Precinct 02,538,104,0,100,458,178,0,106,481,153,0,108,501,136,0,105,450,181,0,111
Prairie Village Ward 1 Precinct 03,746,153,0,161,637,255,0,168,699,194,0,167,726,167,0,167,611,279,0,170
Prairie Village Ward 2 Precinct 01,623,125,2,110,517,233,0,110,582,165,0,113,602,147,0,111,527,220,0,113
Prairie Village Ward 2 Precinct 02,368,99,0,64,318,146,0,67,342,121,0,68,357,106,0,68,328,135,0,68
Prairie Village Ward 2 Precinct 03,608,166,1,90,489,273,0,103,558,204,1,102,576,192,0,97,489,279,0,97
Prairie Village Ward 3 Precinct 01,429,98,0,102,367,152,0,110,367,152,0,110,380,135,0,114,358,155,0,116
Prairie Village Ward 3 Precinct 02,635,144,0,158,543,226,0,168,578,187,0,172,604,168,0,165,526,240,1,170
Prairie Village Ward 3 Precinct 03,604,148,0,111,509,236,0,118,544,202,0,117,558,189,0,116,480,259,0,124
Prairie Village Ward 4 Precinct 01,646,132,0,127,572,201,0,132,572,195,0,138,588,184,1,132,564,204,0,137
Prairie Village Ward 4 Precinct 02,468,131,0,79,423,175,0,80,428,173,0,77,449,152,0,77,403,192,0,83
Prairie Village Ward 4 Precinct 03,740,169,0,138,651,246,1,149,649,246,0,152,666,234,0,147,621,271,0,155
Prairie Village Ward 5 Precinct 01,686,145,0,135,623,202,0,141,644,176,0,146,675,154,1,136,600,220,0,146
Prairie Village Ward 5 Precinct 02,744,160,0,197,657,238,0,206,655,241,0,205,696,203,0,202,650,242,0,209
Prairie Village Ward 5 Precinct 03,746,143,0,153,662,217,0,163,659,217,0,166,674,207,1,160,635,235,0,172
Prairie Village Ward 6 Precinct 01,650,157,0,151,545,257,0,156,612,188,0,158,630,177,0,151,536,265,0,157
Prairie Village Ward 6 Precinct 02,583,147,0,104,473,247,0,114,532,191,0,111,556,173,0,105,473,254,0,107
Prairie Village Ward 6 Precinct 03,472,87,0,90,396,162,0,91,430,127,1,91,447,110,0,92,395,161,0,93
Roeland Park Ward 1 Precinct 01,354,105,0,82,292,163,0,86,316,140,0,85,338,118,0,85,292,160,0,89
Roeland Park Ward 1 Precinct 02,236,64,0,59,183,116,0,60,231,65,0,63,239,59,0,61,184,113,0,62
Roeland Park Ward 2 Precinct 01,312,105,0,64,261,153,0,67,296,120,0,65,305,112,0,64,262,153,0,66
Roeland Park Ward 2 Precinct 02,403,115,0,81,327,184,0,88,338,173,0,88,360,155,0,84,339,173,0,87
Roeland Park Ward 3 Precinct 01,242,75,0,77,191,123,0,80,234,82,0,78,245,71,0,78,186,127,0,81
Roeland Park Ward 3 Precinct 02,237,82,0,55,181,132,0,61,221,94,0,59,236,83,0,55,187,128,0,59
Roeland Park Ward 3 Precinct 03,218,47,0,47,166,97,0,49,198,64,0,50,202,62,0,48,170,96,0,46
Roeland Park Ward 4 Precinct 01,219,47,0,48,181,81,0,52,159,104,0,51,175,87,0,52,170,89,0,55
Roeland Park Ward 4 Precinct 02,329,85,0,55,281,131,0,57,284,129,0,56,296,117,0,56,276,133,0,60
Roeland Park Ward 4 Precinct 03,283,78,0,81,219,139,0,84,246,110,0,86,251,109,0,82,217,143,0,82
Shawnee Ward 1 Precinct 01,647,247,0,109,575,312,0,116,522,359,0,122,541,345,0,117,582,301,0,120
Shawnee Ward 1 Precinct 02,470,161,0,81,404,226,0,82,386,245,0,81,399,238,0,75,415,214,0,83
Shawnee Ward 1 Precinct 03,468,171,0,100,410,219,0,110,378,252,1,108,391,240,0,108,423,205,0,111
Shawnee Ward 1 Precinct 04,808,210,0,186,712,296,1,195,643,359,0,202,655,348,0,201,695,305,0,204
Shawnee Ward 1 Precinct 05,936,276,0,195,830,373,0,204,799,404,0,204,807,395,0,205,815,384,0,208
Shawnee Ward 1 Precinct 06,742,167,0,137,667,231,0,148,586,305,0,155,611,287,0,148,662,227,0,157
Shawnee Ward 1 Precinct 07,709,190,0,137,616,273,0,147,582,305,0,149,596,286,0,154,612,271,0,153
Shawnee Ward 1 Precinct 08,1131,304,0,219,1004,420,0,230,970,450,0,234,991,421,0,242,1005,409,0,240
Shawnee Ward 1 Precinct 09,137,38,0,37,120,52,0,40,115,59,0,38,119,55,0,38,124,49,0,39
Shawnee Ward 1 Precinct 10,232,72,0,52,223,82,0,51,203,100,0,53,209,95,0,52,218,84,0,54
Shawnee Ward 1 Precinct 11,634,144,0,117,580,197,0,118,542,231,0,122,556,221,0,118,563,208,0,124
Shawnee Ward 1 Precinct 12,8,1,0,1,9,0,0,1,8,1,0,1,7,2,0,1,7,2,0,1
Shawnee Ward 2 Precinct 01,351,122,0,59,308,159,0,65,293,171,0,68,301,164,1,66,312,156,0,64
Shawnee Ward 2 Precinct 02,537,222,0,111,464,292,0,114,475,283,0,112,475,283,0,112,469,284,0,117
Shawnee Ward 2 Precinct 03,639,205,0,85,557,280,0,92,574,262,0,93,595,244,0,90,569,269,0,91
Shawnee Ward 2 Precinct 04,713,226,0,106,609,311,0,125,578,349,0,118,625,310,0,110,635,283,0,127
Shawnee Ward 2 Precinct 05,362,114,0,64,334,140,0,66,302,169,0,69,324,149,0,67,328,144,0,68
Shawnee Ward 2 Precinct 06,446,158,0,71,412,186,0,77,358,238,1,78,370,228,0,77,392,203,1,79
Shawnee Ward 2 Precinct 07,396,155,0,61,343,205,0,64,326,217,0,69,340,201,0,71,346,195,0,71
Shawnee Ward 2 Precinct 08,388,116,0,69,354,146,0,73,323,176,0,74,331,170,0,72,352,149,0,72
Shawnee Ward 2 Precinct 09,361,121,0,71,311,172,0,70,294,185,0,74,313,166,0,74,312,168,0,73
Shawnee Ward 2 Precinct 10,333,119,0,81,287,158,0,88,300,147,0,86,307,143,0,83,300,149,0,84
Shawnee Ward 2 Precinct 11,475,189,0,96,419,240,0,101,373,285,0,102,395,262,0,103,429,229,1,101
Shawnee Ward 2 Precinct 12,225,58,0,31,202,76,0,36,215,68,0,31,211,70,0,33,203,75,0,36
Shawnee Ward 2 Precinct 13,260,93,0,52,221,130,0,54,209,140,0,56,222,131,0,52,232,120,0,53
Shawnee Ward 3 Precinct 01,504,159,0,112,465,202,0,108,410,249,0,116,442,221,0,112,472,186,0,117
Shawnee Ward 3 Precinct 02,1129,264,0,252,1013,372,0,260,977,409,0,259,1012,375,0,258,1013,367,0,265
Shawnee Ward 3 Precinct 03,824,232,0,192,730,316,0,202,706,339,0,203,717,325,0,206,717,324,0,207
Shawnee Ward 3 Precinct 04,806,207,0,146,759,250,0,150,671,331,0,157,700,308,0,151,758,252,0,149
Shawnee Ward 3 Precinct 05,862,254,0,167,843,254,0,186,703,400,0,180,700,405,0,178,822,277,0,184
Shawnee Ward 3 Precinct 06,826,216,0,131,746,283,0,144,711,322,0,140,740,294,0,139,754,277,0,142
Shawnee Ward 3 Precinct 07,1188,323,1,209,1109,395,0,217,1009,490,1,221,1035,470,0,216,1107,389,0,225
Shawnee Ward 3 Precinct 08,781,191,0,166,709,261,0,168,637,328,1,172,661,305,0,172,694,271,0,173
Shawnee Ward 3 Precinct 09,789,197,0,139,764,222,0,139,677,305,0,143,703,281,0,141,750,230,0,145
Shawnee Ward 4 Precinct 01,835,222,0,135,738,313,0,141,672,372,1,147,707,341,0,144,726,319,1,146
Shawnee Ward 4 Precinct 02,480,126,0,94,413,187,0,100,363,236,0,101,381,219,0,100,420,181,1,98
Shawnee Ward 4 Precinct 03,241,69,0,40,223,87,0,40,210,100,0,40,215,96,0,39,229,79,0,42
Shawnee Ward 4 Precinct 04,376,119,0,89,324,167,0,93,332,157,0,95,354,139,0,91,343,148,0,93
Shawnee Ward 4 Precinct 05,694,192,0,155,601,275,0,165,555,318,0,168,602,278,0,161,614,259,0,168
Shawnee Ward 4 Precinct 06,605,169,0,113,546,224,1,116,493,274,0,120,510,264,0,113,502,264,0,121
Shawnee Ward 4 Precinct 07,861,199,0,145,770,281,0,154,739,313,0,153,758,301,0,146,750,303,0,152
Shawnee Ward 4 Precinct 08,298,62,0,63,257,104,0,62,262,102,0,59,270,91,0,62,260,102,0,61
Shawnee Ward 4 Precinct 09,1207,335,0,213,1101,436,1,217,1005,524,0,226,1041,487,0,227,1112,417,0,226
Shawnee Ward 4 Precinct 10,0,0,0,0,0,0,0,0,0,0,0,0,0,0,0,0,0,0,0,0
Shawnee Ward 4 Precinct 11,563,166,0,123,491,230,0,131,464,254,0,134,486,233,0,133,510,207,0,135
Shawnee Ward 4 Precinct 12,79,16,0,18,66,28,0,19,59,35,0,19,64,31,0,18,67,27,0,19
Westwood Precinct 01,415,116,0,94,322,201,0,102,367,161,0,97,391,135,0,99,311,216,0,98
Westwood Precinct 02,357,85,0,67,303,136,0,70,326,111,0,72,333,105,0,71,285,152,0,72
Westwood Hills Precinct 01,197,37,0,45,160,68,0,51,172,54,0,53,183,49,0,47,158,67,0,54
Lake Quivira Precinct 01,534,131,0,95,507,151,0,102,466,185,0,109,472,184,0,104,496,155,0,109
Bonner Springs Ward 4 Precinct 01,0,0,0,0,0,0,0,0,0,0,0,0,0,0,0,0,0,0,0,0
COUNTY TOTALS,242963,63600,22,44139,217923,86664,25,46112,208849,95112,35,46728,214867,89739,33,46085,215225,87937,15,47547
