COUNTY NUMBER,PRECINCT CODE,PRECINCT NAME,REGISTERED VOTERS TOTAL,REGISTERED VOTERS - Democratic,REGISTERED VOTERS - Republican,REGISTERED VOTERS - Nonpartisan,BALLOTS CAST TOTAL,BALLOTS CAST - Democratic,BALLOTS CAST - Republican,BALLOTS CAST - Nonpartisan,BALLOTS CAST BLANK,DEM Democratic Presidential Preference,DEM Democratic Presidential Preference,DEM Democratic Presidential Preference,DEM Democratic Presidential Preference,DEM Democratic Presidential Preference,DEM Democratic Presidential Preference,DEM Democratic Presidential Preference,REP Republican Presidential Preference,REP Republican Presidential Preference,REP Republican Presidential Preference,REP Republican Presidential Preference,REP Republican Presidential Preference,REP Republican Presidential Preference,REP Republican Presidential Preference
,,,,DEM,REP,NON,,DEM,REP,NON,,DEM,DEM,DEM,DEM,DEM,DEM,DEM,REP,REP,REP,REP,REP,REP,REP
,,,VOTERS,VOTERS,VOTERS,VOTERS,BALLOTS CAST,BALLOTS CAST,BALLOTS CAST,BALLOTS CAST,BALLOTS CAST,Marianne Williamson,Jason Michael Palmer,Dean Phillips,Joseph R. Biden Jr,None of the names shown,OVER VOTES,UNDER VOTES,Donald J. Trump,Nikki R. Haley,Ron Desantis,Ryan L. Binkley,None of the names shown,OVER VOTES,UNDER VOTES
91,1,Aubry Township Precinct 01,175,39,98,38,13,5,8,0,0,Redacted,Redacted,Redacted,Redacted,0,0,0,7,0,0,0,1,0,0
91,2,Aubry Township Precinct 02,1275,237,763,275,66,15,51,0,0,0,0,0,11,4,0,0,34,10,1,3,3,0,0
91,3,Aubry Township Precinct 03,560,114,324,122,43,10,33,0,0,Redacted,Redacted,Redacted,Redacted,0,0,0,28,2,3,0,0,0,0
91,4,Aubry Township Precinct 04,1659,334,929,396,116,20,96,0,0,1,0,1,15,3,0,0,71,17,4,1,3,0,0
91,5,Aubry Township Precinct 05,20,5,10,5,2,1,1,0,0,Redacted,Redacted,Redacted,Redacted,0,0,0,Redacted,Redacted,Redacted,Redacted,0,0,0
91,6,Aubry Township Precinct 06,156,24,97,35,13,3,10,0,0,0,0,0,1,2,0,0,9,1,0,0,0,0,0
91,7,Aubry Township Precinct 07,0,0,0,0,0,0,0,0,0,0,0,0,0,0,0,0,0,0,0,0,0,0,0
91,8,Aubry Township Precinct 08,84,19,47,18,6,4,2,0,0,Redacted,Redacted,Redacted,Redacted,0,0,0,1,0,0,0,1,0,0
91,9,Gardner Township Precinct 01,521,102,297,122,44,6,38,0,0,0,1,0,5,0,0,0,30,5,0,1,2,0,0
91,10,Gardner Township Precinct 02,165,42,80,43,10,2,8,0,0,Redacted,Redacted,Redacted,Redacted,0,0,0,6,0,1,0,1,0,0
91,11,Gardner Township Precinct 03,250,40,158,52,19,5,14,0,0,Redacted,Redacted,Redacted,Redacted,0,0,0,13,1,0,0,0,0,0
91,12,Gardner Township Precinct 04,1,0,0,1,0,0,0,0,0,0,0,0,0,0,0,0,0,0,0,0,0,0,0
91,13,Gardner Township Precinct 05,6,2,3,1,0,0,0,0,0,0,0,0,0,0,0,0,0,0,0,0,0,0,0
91,14,Gardner Township Precinct 06,0,0,0,0,0,0,0,0,0,0,0,0,0,0,0,0,0,0,0,0,0,0,0
91,15,Gardner Township Precinct 07,2,0,2,0,0,0,0,0,0,0,0,0,0,0,0,0,0,0,0,0,0,0,0
91,16,Gardner Township Precinct 08,6,3,2,1,0,0,0,0,0,0,0,0,0,0,0,0,0,0,0,0,0,0,0
91,17,Gardner Township Precinct 10,6,0,4,2,0,0,0,0,0,0,0,0,0,0,0,0,0,0,0,0,0,0,0
91,18,Gardner Township Precinct 11,37,11,16,10,3,0,3,0,0,0,0,0,0,0,0,0,Redacted,Redacted,Redacted,Redacted,0,0,0
91,19,Gardner Township Precinct 12,0,0,0,0,0,0,0,0,0,0,0,0,0,0,0,0,0,0,0,0,0,0,0
91,20,Gardner Township Precinct 13,1,1,0,0,0,0,0,0,0,0,0,0,0,0,0,0,0,0,0,0,0,0,0
91,21,Gardner Township Precinct 14,5,1,2,2,1,1,0,0,0,Redacted,Redacted,Redacted,Redacted,0,0,0,0,0,0,0,0,0,0
91,22,Gardner Township Precinct 15,0,0,0,0,0,0,0,0,0,0,0,0,0,0,0,0,0,0,0,0,0,0,0
91,23,Gardner Township Precinct 16,18,4,11,3,0,0,0,0,0,0,0,0,0,0,0,0,0,0,0,0,0,0,0
91,24,Gardner Township Precinct 17,2,0,1,1,0,0,0,0,0,0,0,0,0,0,0,0,0,0,0,0,0,0,0
91,25,Gardner Township Precinct 18,4,2,2,0,0,0,0,0,0,0,0,0,0,0,0,0,0,0,0,0,0,0,0
91,26,Gardner Township Precinct 19,257,57,127,73,18,5,13,0,0,Redacted,Redacted,Redacted,Redacted,0,0,0,11,1,0,1,0,0,0
91,27,Gardner Township Precinct 20,2,0,2,0,2,0,2,0,0,0,0,0,0,0,0,0,Redacted,Redacted,Redacted,Redacted,0,0,0
91,28,Gardner Township Precinct 21,29,0,22,7,2,0,2,0,0,0,0,0,0,0,0,0,Redacted,Redacted,Redacted,Redacted,0,0,0
91,29,Gardner Township Precinct 22,85,12,58,15,7,0,7,0,0,0,0,0,0,0,0,0,4,2,1,0,0,0,0
91,30,Gardner Township Precinct 23,0,0,0,0,0,0,0,0,0,0,0,0,0,0,0,0,0,0,0,0,0,0,0
91,31,Gardner Township Precinct 24,2,2,0,0,0,0,0,0,0,0,0,0,0,0,0,0,0,0,0,0,0,0,0
91,32,Gardner Township Precinct 25,31,5,12,14,3,0,3,0,0,0,0,0,0,0,0,0,Redacted,Redacted,Redacted,Redacted,0,0,0
91,33,Gardner Township Precinct 27,0,0,0,0,0,0,0,0,0,0,0,0,0,0,0,0,0,0,0,0,0,0,0
91,34,Lexington Township Precinct 01,15,1,12,2,0,0,0,0,0,0,0,0,0,0,0,0,0,0,0,0,0,0,0
91,35,Lexington Township Precinct 02,2,0,2,0,0,0,0,0,0,0,0,0,0,0,0,0,0,0,0,0,0,0,0
91,36,Lexington Township Precinct 03,3,1,0,2,0,0,0,0,0,0,0,0,0,0,0,0,0,0,0,0,0,0,0
91,37,Lexington Township Precinct 04,1,1,0,0,0,0,0,0,0,0,0,0,0,0,0,0,0,0,0,0,0,0,0
91,38,Lexington Township Precinct 05,0,0,0,0,0,0,0,0,0,0,0,0,0,0,0,0,0,0,0,0,0,0,0
91,39,Lexington Township Precinct 06,10,1,7,2,2,0,2,0,0,0,0,0,0,0,0,0,Redacted,Redacted,Redacted,Redacted,0,0,0
91,40,Lexington Township Precinct 07,0,0,0,0,0,0,0,0,0,0,0,0,0,0,0,0,0,0,0,0,0,0,0
91,41,Lexington Township Precinct 08,0,0,0,0,0,0,0,0,0,0,0,0,0,0,0,0,0,0,0,0,0,0,0
91,42,Lexington Township Precinct 09,206,34,127,45,20,4,16,0,0,Redacted,Redacted,Redacted,Redacted,0,0,0,12,3,0,0,1,0,0
91,43,Lexington Township Precinct 10,1051,207,610,234,72,13,59,0,1,1,0,0,12,0,0,0,45,9,3,0,1,0,1
91,44,McCamish Township Precinct 01,115,18,71,26,14,3,11,0,0,Redacted,Redacted,Redacted,Redacted,0,0,0,10,0,1,0,0,0,0
91,45,McCamish Township Precinct 02,310,52,188,70,27,2,25,0,0,0,0,0,1,1,0,0,19,3,0,0,3,0,0
91,46,McCamish Township Precinct 03,0,0,0,0,0,0,0,0,0,0,0,0,0,0,0,0,0,0,0,0,0,0,0
91,47,McCamish Township Precinct 05,0,0,0,0,0,0,0,0,0,0,0,0,0,0,0,0,0,0,0,0,0,0,0
91,48,McCamish Township Precinct 06,130,24,77,29,11,2,9,0,0,Redacted,Redacted,Redacted,Redacted,0,0,0,7,0,0,0,2,0,0
91,49,McCamish Township Precinct 07,254,56,151,47,20,4,16,0,0,Redacted,Redacted,Redacted,Redacted,0,0,0,15,1,0,0,0,0,0
91,50,Olathe Township Precinct 01,497,131,246,120,35,12,23,0,0,1,0,0,11,0,0,0,12,11,0,0,0,0,0
91,51,Olathe Township Precinct 02,2,2,0,0,0,0,0,0,0,0,0,0,0,0,0,0,0,0,0,0,0,0,0
91,52,Olathe Township Precinct 03,78,18,34,26,1,1,0,0,0,Redacted,Redacted,Redacted,Redacted,0,0,0,0,0,0,0,0,0,0
91,53,Olathe Township Precinct 04,5,0,5,0,1,0,1,0,0,0,0,0,0,0,0,0,Redacted,Redacted,Redacted,Redacted,0,0,0
91,54,Olathe Township Precinct 05,28,4,15,9,1,0,1,0,0,0,0,0,0,0,0,0,Redacted,Redacted,Redacted,Redacted,0,0,0
91,55,Olathe Township Precinct 06,0,0,0,0,0,0,0,0,0,0,0,0,0,0,0,0,0,0,0,0,0,0,0
91,56,Olathe Township Precinct 07,0,0,0,0,0,0,0,0,0,0,0,0,0,0,0,0,0,0,0,0,0,0,0
91,57,Olathe Township Precinct 08,2,0,2,0,0,0,0,0,0,0,0,0,0,0,0,0,0,0,0,0,0,0,0
91,58,Olathe Township Precinct 09,2,0,1,1,0,0,0,0,0,0,0,0,0,0,0,0,0,0,0,0,0,0,0
91,59,Olathe Township Precinct 10,15,2,11,2,0,0,0,0,0,0,0,0,0,0,0,0,0,0,0,0,0,0,0
91,60,Olathe Township Precinct 11,9,0,6,3,1,0,1,0,0,0,0,0,0,0,0,0,Redacted,Redacted,Redacted,Redacted,0,0,0
91,61,Olathe Township Precinct 12,0,0,0,0,0,0,0,0,0,0,0,0,0,0,0,0,0,0,0,0,0,0,0
91,62,Olathe Township Precinct 13,9,3,3,3,2,0,2,0,0,0,0,0,0,0,0,0,Redacted,Redacted,Redacted,Redacted,0,0,0
91,63,Olathe Township Precinct 14,5,0,5,0,0,0,0,0,0,0,0,0,0,0,0,0,0,0,0,0,0,0,0
91,64,Olathe Township Precinct 15,0,0,0,0,0,0,0,0,0,0,0,0,0,0,0,0,0,0,0,0,0,0,0
91,65,Olathe Township Precinct 16,33,7,20,6,2,0,2,0,0,0,0,0,0,0,0,0,Redacted,Redacted,Redacted,Redacted,0,0,0
91,66,Olathe Township Precinct 17,0,0,0,0,0,0,0,0,0,0,0,0,0,0,0,0,0,0,0,0,0,0,0
91,67,Olathe Township Precinct 18,4,1,1,2,0,0,0,0,0,0,0,0,0,0,0,0,0,0,0,0,0,0,0
91,68,Olathe Township Precinct 19,9,2,1,6,0,0,0,0,0,0,0,0,0,0,0,0,0,0,0,0,0,0,0
91,69,Olathe Township Precinct 20,3,0,3,0,0,0,0,0,0,0,0,0,0,0,0,0,0,0,0,0,0,0,0
91,70,Olathe Township Precinct 21,17,2,12,3,2,0,2,0,0,0,0,0,0,0,0,0,Redacted,Redacted,Redacted,Redacted,0,0,0
91,71,Olathe Township Precinct 24,3,1,1,1,0,0,0,0,0,0,0,0,0,0,0,0,0,0,0,0,0,0,0
91,72,Olathe Township Precinct 25,0,0,0,0,0,0,0,0,0,0,0,0,0,0,0,0,0,0,0,0,0,0,0
91,73,Olathe Township Precinct 26,5,1,3,1,0,0,0,0,0,0,0,0,0,0,0,0,0,0,0,0,0,0,0
91,74,Olathe Township Precinct 32,48,7,30,11,2,0,2,0,0,0,0,0,0,0,0,0,Redacted,Redacted,Redacted,Redacted,0,0,0
91,75,Oxford Township Precinct 01,1,0,1,0,0,0,0,0,0,0,0,0,0,0,0,0,0,0,0,0,0,0,0
91,76,Oxford Township Precinct 02,762,151,445,166,68,8,60,0,0,Redacted,Redacted,Redacted,Redacted,0,0,0,50,4,1,1,4,0,0
91,77,Oxford Township Precinct 03,0,0,0,0,0,0,0,0,0,0,0,0,0,0,0,0,0,0,0,0,0,0,0
91,78,Oxford Township Precinct 04,751,185,410,156,31,8,23,0,0,Redacted,Redacted,Redacted,Redacted,0,0,0,14,6,2,0,1,0,0
91,79,Oxford Township Precinct 05,34,5,23,6,1,1,0,0,0,Redacted,Redacted,Redacted,Redacted,0,0,0,0,0,0,0,0,0,0
91,80,Oxford Township Precinct 08,0,0,0,0,0,0,0,0,0,0,0,0,0,0,0,0,0,0,0,0,0,0,0
91,81,Oxford Township Precinct 09,43,11,26,6,1,0,1,0,0,0,0,0,0,0,0,0,Redacted,Redacted,Redacted,Redacted,0,0,0
91,82,Oxford Township Precinct 10,2,0,1,1,1,0,1,0,0,0,0,0,0,0,0,0,Redacted,Redacted,Redacted,Redacted,0,0,0
91,83,Oxford Township Precinct 11,191,32,125,34,14,3,11,0,0,Redacted,Redacted,Redacted,Redacted,0,0,0,7,1,2,0,1,0,0
91,84,Spring Hill Township Precinct 01,445,74,269,102,32,5,27,0,0,Redacted,Redacted,Redacted,Redacted,0,0,0,22,2,1,0,2,0,0
91,85,Spring Hill Township Precinct 02,2,0,2,0,0,0,0,0,0,0,0,0,0,0,0,0,0,0,0,0,0,0,0
91,86,Spring Hill Township Precinct 03,123,22,59,42,3,1,2,0,0,Redacted,Redacted,Redacted,Redacted,0,0,0,Redacted,Redacted,Redacted,Redacted,0,0,0
91,87,Spring Hill Township Precinct 04,21,5,15,1,4,0,4,0,0,0,0,0,0,0,0,0,Redacted,Redacted,Redacted,Redacted,0,0,0
91,88,Spring Hill Township Precinct 05,26,8,10,8,0,0,0,0,0,0,0,0,0,0,0,0,0,0,0,0,0,0,0
91,89,Spring Hill Township Precinct 06,0,0,0,0,0,0,0,0,0,0,0,0,0,0,0,0,0,0,0,0,0,0,0
91,90,Spring Hill Township Precinct 07,375,99,171,105,27,11,16,0,0,1,0,1,9,0,0,0,11,4,1,0,0,0,0
91,91,Spring Hill Township Precinct 08,2,0,2,0,0,0,0,0,0,0,0,0,0,0,0,0,0,0,0,0,0,0,0
91,92,Spring Hill Township Precinct 09,1,0,0,1,0,0,0,0,0,0,0,0,0,0,0,0,0,0,0,0,0,0,0
91,93,Spring Hill Township Precinct 10,609,97,358,154,40,6,34,0,0,1,0,0,5,0,0,0,29,5,0,0,0,0,0
91,94,Spring Hill Township Precinct 11,3,3,0,0,0,0,0,0,0,0,0,0,0,0,0,0,0,0,0,0,0,0,0
91,95,Spring Hill Township Precinct 12,5,0,3,2,0,0,0,0,0,0,0,0,0,0,0,0,0,0,0,0,0,0,0
91,96,De Soto Precinct 01,1630,402,756,472,108,25,83,0,0,0,2,2,14,7,0,0,66,12,1,0,4,0,0
91,97,De Soto Precinct 02,1042,280,457,305,55,19,36,0,0,0,0,0,17,2,0,0,26,8,1,0,1,0,0
91,98,De Soto Precinct 03,1235,278,685,272,131,37,94,0,0,0,0,1,33,3,0,0,68,16,4,1,5,0,0
91,99,De Soto Precinct 04,0,0,0,0,0,0,0,0,0,0,0,0,0,0,0,0,0,0,0,0,0,0,0
91,100,De Soto Precinct 05,0,0,0,0,0,0,0,0,0,0,0,0,0,0,0,0,0,0,0,0,0,0,0
91,101,De Soto Precinct 06,228,60,70,98,5,0,5,0,0,0,0,0,0,0,0,0,4,1,0,0,0,0,0
91,102,De Soto Precinct 07,262,60,154,48,25,3,22,0,0,Redacted,Redacted,Redacted,Redacted,0,0,0,13,7,0,1,1,0,0
91,103,Edgerton Precinct 01,1055,227,484,344,42,7,35,0,0,0,0,0,6,1,0,0,31,2,2,0,0,0,0
91,104,Edgerton Precinct 02,1,0,0,1,0,0,0,0,0,0,0,0,0,0,0,0,0,0,0,0,0,0,0
91,105,Edgerton Precinct 03,0,0,0,0,0,0,0,0,0,0,0,0,0,0,0,0,0,0,0,0,0,0,0
91,106,Edgerton Precinct 04,3,1,2,0,0,0,0,0,0,0,0,0,0,0,0,0,0,0,0,0,0,0,0
91,107,Edgerton Precinct 05,7,1,4,2,0,0,0,0,0,0,0,0,0,0,0,0,0,0,0,0,0,0,0
91,108,Edgerton Precinct 06,2,0,0,2,0,0,0,0,0,0,0,0,0,0,0,0,0,0,0,0,0,0,0
91,109,Edgerton Precinct 07,0,0,0,0,0,0,0,0,0,0,0,0,0,0,0,0,0,0,0,0,0,0,0
91,110,Edgerton Precinct 08,5,0,4,1,1,0,1,0,0,0,0,0,0,0,0,0,Redacted,Redacted,Redacted,Redacted,0,0,0
91,111,Edgerton Precinct 09,2,0,2,0,0,0,0,0,0,0,0,0,0,0,0,0,0,0,0,0,0,0,0
91,112,Gardner Precinct 01,2180,560,1034,586,133,33,100,0,0,1,0,0,27,5,0,0,84,9,4,0,3,0,0
91,113,Gardner Precinct 02,10,1,5,4,0,0,0,0,0,0,0,0,0,0,0,0,0,0,0,0,0,0,0
91,114,Gardner Precinct 03,1156,273,432,451,35,6,29,0,0,Redacted,Redacted,Redacted,Redacted,0,0,0,21,5,1,0,2,0,0
91,115,Gardner Precinct 04,1273,300,610,363,88,20,68,0,1,1,1,0,15,2,0,1,47,12,3,2,4,0,0
91,116,Gardner Precinct 05,0,0,0,0,0,0,0,0,0,0,0,0,0,0,0,0,0,0,0,0,0,0,0
91,117,Gardner Precinct 06,2051,499,956,596,98,17,81,0,0,1,0,1,14,1,0,0,58,14,6,0,3,0,0
91,118,Gardner Precinct 07,29,13,12,4,0,0,0,0,0,0,0,0,0,0,0,0,0,0,0,0,0,0,0
91,119,Gardner Precinct 08,601,118,309,174,20,5,15,0,0,Redacted,Redacted,Redacted,Redacted,0,0,0,11,2,2,0,0,0,0
91,120,Gardner Precinct 09,2284,536,1020,728,114,30,84,0,0,2,0,0,26,2,0,0,66,13,3,1,1,0,0
91,121,Gardner Precinct 10,1458,329,666,463,53,7,46,0,0,2,0,0,5,0,0,0,34,8,1,0,3,0,0
91,122,Gardner Precinct 11,0,0,0,0,0,0,0,0,0,0,0,0,0,0,0,0,0,0,0,0,0,0,0
91,123,Gardner Precinct 12,0,0,0,0,0,0,0,0,0,0,0,0,0,0,0,0,0,0,0,0,0,0,0
91,124,Gardner Precinct 13,1369,374,576,419,66,12,54,0,0,Redacted,Redacted,Redacted,Redacted,0,0,0,38,6,5,1,4,0,0
91,125,Gardner Precinct 14,1035,272,437,326,73,19,54,0,0,Redacted,Redacted,Redacted,Redacted,0,0,0,32,8,3,2,9,0,0
91,126,Gardner Precinct 15,0,0,0,0,0,0,0,0,0,0,0,0,0,0,0,0,0,0,0,0,0,0,0
91,127,Gardner Precinct 16,0,0,0,0,0,0,0,0,0,0,0,0,0,0,0,0,0,0,0,0,0,0,0
91,128,Gardner Precinct 17,3,0,3,0,0,0,0,0,0,0,0,0,0,0,0,0,0,0,0,0,0,0,0
91,129,Gardner Precinct 18,0,0,0,0,0,0,0,0,0,0,0,0,0,0,0,0,0,0,0,0,0,0,0
91,130,Gardner Precinct 19,443,123,154,166,12,3,9,0,0,Redacted,Redacted,Redacted,Redacted,0,0,0,7,2,0,0,0,0,0
91,131,Gardner Precinct 20,820,230,335,255,31,7,24,0,0,0,0,0,5,2,0,0,18,2,1,0,3,0,0
91,132,Gardner Precinct 21,0,0,0,0,0,0,0,0,0,0,0,0,0,0,0,0,0,0,0,0,0,0,0
91,133,Gardner Precinct 22,86,15,46,25,6,0,6,0,0,0,0,0,0,0,0,0,Redacted,Redacted,Redacted,Redacted,0,0,0
91,134,Olathe Ward 1 Precinct 01,1383,408,554,421,128,45,83,0,0,5,0,0,32,8,0,0,58,16,3,0,6,0,0
91,135,Olathe Ward 1 Precinct 02,1122,392,367,363,56,28,28,0,0,0,1,0,24,3,0,0,23,3,0,0,2,0,0
91,136,Olathe Ward 1 Precinct 03,757,250,283,224,40,10,30,0,0,1,0,0,9,0,0,0,21,8,0,0,1,0,0
91,137,Olathe Ward 1 Precinct 04,1318,451,524,343,89,25,64,0,0,0,1,0,21,3,0,0,48,13,0,0,3,0,0
91,138,Olathe Ward 1 Precinct 05,1097,326,476,295,90,32,58,0,0,0,0,0,29,3,0,0,45,8,4,0,1,0,0
91,139,Olathe Ward 1 Precinct 06,1781,507,784,490,115,32,83,0,0,0,1,0,28,3,0,0,59,13,6,0,5,0,0
91,140,Olathe Ward 1 Precinct 07,0,0,0,0,0,0,0,0,0,0,0,0,0,0,0,0,0,0,0,0,0,0,0
91,141,Olathe Ward 1 Precinct 08,2099,696,796,607,90,45,45,0,0,2,0,1,35,7,0,0,40,1,2,0,2,0,0
91,142,Olathe Ward 1 Precinct 09,1266,362,560,344,86,28,58,0,0,1,0,0,24,3,0,0,45,8,2,0,3,0,0
91,143,Olathe Ward 1 Precinct 10,0,0,0,0,0,0,0,0,0,0,0,0,0,0,0,0,0,0,0,0,0,0,0
91,144,Olathe Ward 1 Precinct 11,1102,342,408,352,89,33,56,0,0,1,1,3,22,6,0,0,45,4,1,0,6,0,0
91,145,Olathe Ward 1 Precinct 12,0,0,0,0,0,0,0,0,0,0,0,0,0,0,0,0,0,0,0,0,0,0,0
91,146,Olathe Ward 1 Precinct 13,907,270,384,253,57,21,36,0,0,2,1,1,17,0,0,0,28,7,0,0,1,0,0
91,147,Olathe Ward 1 Precinct 14,1013,301,459,253,61,22,39,0,0,Redacted,Redacted,Redacted,Redacted,0,0,0,33,4,1,1,0,0,0
91,148,Olathe Ward 1 Precinct 15,602,206,230,166,23,8,15,0,0,0,0,0,7,1,0,0,11,1,0,1,2,0,0
91,149,Olathe Ward 1 Precinct 16,1602,438,737,427,81,29,52,0,0,1,1,0,25,2,0,0,37,5,6,0,4,0,0
91,150,Olathe Ward 1 Precinct 17,521,122,277,122,24,9,15,0,0,0,0,0,8,1,0,0,11,4,0,0,0,0,0
91,151,Olathe Ward 1 Precinct 18,1391,376,642,373,70,15,55,0,0,0,0,0,13,2,0,0,36,11,5,0,3,0,0
91,152,Olathe Ward 1 Precinct 19,641,209,245,187,32,12,20,0,0,0,2,0,10,0,0,0,17,0,0,0,3,0,0
91,153,Olathe Ward 1 Precinct 20,338,107,132,99,31,18,13,0,0,1,0,0,16,1,0,0,12,1,0,0,0,0,0
91,154,Olathe Ward 1 Precinct 21,1579,504,635,440,107,32,75,0,0,2,0,1,27,2,0,0,53,16,1,1,4,0,0
91,155,Olathe Ward 1 Precinct 22,2253,569,1112,572,152,48,104,0,0,Redacted,Redacted,Redacted,Redacted,0,0,0,77,17,2,0,8,0,0
91,156,Olathe Ward 1 Precinct 23,0,0,0,0,0,0,0,0,0,0,0,0,0,0,0,0,0,0,0,0,0,0,0
91,157,Olathe Ward 1 Precinct 24,0,0,0,0,0,0,0,0,0,0,0,0,0,0,0,0,0,0,0,0,0,0,0
91,158,Olathe Ward 1 Precinct 25,356,82,164,110,21,4,17,0,0,Redacted,Redacted,Redacted,Redacted,0,0,0,13,3,0,0,1,0,0
91,159,Olathe Ward 1 Precinct 26,11,4,5,2,0,0,0,0,0,0,0,0,0,0,0,0,0,0,0,0,0,0,0
91,160,Olathe Ward 1 Precinct 27,552,185,193,174,32,12,20,0,0,1,0,0,8,3,0,0,16,2,2,0,0,0,0
91,161,Olathe Ward 1 Precinct 28,0,0,0,0,0,0,0,0,0,0,0,0,0,0,0,0,0,0,0,0,0,0,0
91,162,Olathe Ward 1 Precinct 29,0,0,0,0,0,0,0,0,0,0,0,0,0,0,0,0,0,0,0,0,0,0,0
91,163,Olathe Ward 2 Precinct 01,647,207,235,205,34,10,24,0,0,Redacted,Redacted,Redacted,Redacted,0,0,0,23,1,0,0,0,0,0
91,164,Olathe Ward 2 Precinct 02,1083,372,476,235,107,44,63,0,0,1,0,0,41,2,0,0,43,14,1,0,5,0,0
91,165,Olathe Ward 2 Precinct 03,987,309,381,297,74,22,52,0,0,1,1,0,18,2,0,0,36,8,3,0,5,0,0
91,166,Olathe Ward 2 Precinct 04,601,209,202,190,39,21,18,0,0,1,1,2,16,1,0,0,15,2,1,0,0,0,0
91,167,Olathe Ward 2 Precinct 05,1951,446,1115,390,181,51,130,0,0,0,1,0,50,0,0,0,87,30,2,0,11,0,0
91,168,Olathe Ward 2 Precinct 06,1904,437,993,474,67,18,49,0,0,0,0,0,14,4,0,0,39,7,2,0,1,0,0
91,169,Olathe Ward 2 Precinct 07,1812,474,912,426,88,26,62,0,0,0,0,1,23,2,0,0,37,18,2,0,5,0,0
91,170,Olathe Ward 2 Precinct 08,1559,560,497,502,85,37,48,0,0,0,0,0,27,10,0,0,40,7,0,0,1,0,0
91,171,Olathe Ward 2 Precinct 09,839,255,389,195,90,29,61,0,0,0,1,0,27,1,0,0,43,13,2,2,1,0,0
91,172,Olathe Ward 2 Precinct 10,2446,789,1021,636,144,50,94,0,0,1,0,1,48,0,0,0,56,26,5,1,6,0,0
91,173,Olathe Ward 2 Precinct 11,2169,739,805,625,112,46,66,0,0,4,0,0,36,6,0,0,46,8,2,0,10,0,0
91,174,Olathe Ward 2 Precinct 12,1358,453,535,370,90,30,60,0,0,0,1,0,29,0,0,0,43,13,2,0,2,0,0
91,175,Olathe Ward 2 Precinct 13,1005,308,392,305,70,34,36,0,0,0,0,1,30,3,0,0,29,1,0,0,6,0,0
91,176,Olathe Ward 2 Precinct 14,989,356,326,307,53,24,29,0,0,1,0,0,22,1,0,0,22,7,0,0,0,0,0
91,177,Olathe Ward 2 Precinct 15,1349,357,640,352,54,28,26,0,0,0,0,1,26,1,0,0,16,6,3,0,1,0,0
91,178,Olathe Ward 2 Precinct 16,1033,351,381,301,53,20,33,0,0,2,0,1,16,1,0,0,29,1,3,0,0,0,0
91,179,Olathe Ward 2 Precinct 17,0,0,0,0,0,0,0,0,0,0,0,0,0,0,0,0,0,0,0,0,0,0,0
91,180,Olathe Ward 2 Precinct 18,0,0,0,0,0,0,0,0,0,0,0,0,0,0,0,0,0,0,0,0,0,0,0
91,181,Olathe Ward 2 Precinct 19,13,3,6,4,0,0,0,0,0,0,0,0,0,0,0,0,0,0,0,0,0,0,0
91,182,Olathe Ward 2 Precinct 20,0,0,0,0,0,0,0,0,0,0,0,0,0,0,0,0,0,0,0,0,0,0,0
91,183,Olathe Ward 2 Precinct 21,568,184,192,192,36,13,23,0,0,2,0,1,7,3,0,0,17,6,0,0,0,0,0
91,184,Olathe Ward 2 Precinct 22,2321,663,1133,525,195,71,124,0,0,1,2,2,62,4,0,0,90,24,7,0,3,0,0
91,185,Olathe Ward 2 Precinct 23,1339,430,565,344,57,27,30,0,0,1,0,0,25,1,0,0,17,8,1,1,3,0,0
91,186,Olathe Ward 2 Precinct 24,569,94,368,107,40,11,29,0,0,Redacted,Redacted,Redacted,Redacted,0,0,0,19,8,0,0,2,0,0
91,187,Olathe Ward 3 Precinct 01,752,272,225,255,41,8,33,0,0,0,0,0,7,1,0,0,25,6,0,0,2,0,0
91,188,Olathe Ward 3 Precinct 02,334,133,88,113,21,13,8,0,0,0,1,0,10,2,0,0,7,0,0,0,1,0,0
91,189,Olathe Ward 3 Precinct 03,702,185,342,175,41,9,32,0,0,0,0,0,8,1,0,0,22,6,3,0,1,0,0
91,190,Olathe Ward 3 Precinct 04,1340,394,574,372,70,24,46,0,0,0,0,1,23,0,0,0,35,9,0,0,2,0,0
91,191,Olathe Ward 3 Precinct 05,1537,370,832,335,88,27,61,0,0,0,0,0,26,1,0,0,41,14,2,1,3,0,0
91,192,Olathe Ward 3 Precinct 06,852,225,417,210,69,19,50,0,0,0,0,0,17,2,0,0,35,7,4,0,4,0,0
91,193,Olathe Ward 3 Precinct 07,867,282,373,212,59,15,44,0,0,0,0,0,14,1,0,0,34,7,1,0,2,0,0
91,194,Olathe Ward 3 Precinct 08,590,183,280,127,43,7,36,0,0,0,0,0,5,2,0,0,25,5,1,0,5,0,0
91,195,Olathe Ward 3 Precinct 09,770,227,312,231,64,14,50,0,0,0,0,1,12,1,0,0,37,8,2,0,3,0,0
91,196,Olathe Ward 3 Precinct 10,1353,411,604,338,79,30,49,0,0,0,0,1,25,4,0,0,32,11,3,0,3,0,0
91,197,Olathe Ward 3 Precinct 11,1508,473,619,416,95,30,65,0,0,4,0,0,25,1,0,0,49,6,4,0,6,0,0
91,198,Olathe Ward 3 Precinct 12,0,0,0,0,0,0,0,0,0,0,0,0,0,0,0,0,0,0,0,0,0,0,0
91,199,Olathe Ward 3 Precinct 13,1308,415,571,322,103,42,61,0,0,0,0,0,37,5,0,0,35,23,0,0,3,0,0
91,200,Olathe Ward 3 Precinct 14,0,0,0,0,0,0,0,0,0,0,0,0,0,0,0,0,0,0,0,0,0,0,0
91,201,Olathe Ward 3 Precinct 15,1091,328,457,306,47,12,35,0,0,0,0,0,9,3,0,0,24,9,0,0,2,0,0
91,202,Olathe Ward 3 Precinct 16,1293,359,563,371,43,15,28,0,0,0,0,0,14,1,0,0,20,7,1,0,0,0,0
91,203,Olathe Ward 3 Precinct 17,1600,451,765,384,79,25,54,0,0,0,0,0,21,4,0,0,34,9,4,2,5,0,0
91,204,Olathe Ward 3 Precinct 18,1171,269,633,269,96,28,68,0,0,0,0,0,27,1,0,0,55,7,3,0,3,0,0
91,205,Olathe Ward 3 Precinct 19,872,247,405,220,27,11,16,0,0,0,0,0,8,3,0,0,11,2,1,0,2,0,0
91,206,Olathe Ward 3 Precinct 20,983,277,485,221,65,24,41,0,0,2,0,0,22,0,0,0,27,11,1,0,2,0,0
91,207,Olathe Ward 3 Precinct 21,1431,310,764,357,90,17,73,0,0,Redacted,Redacted,Redacted,Redacted,0,0,0,57,10,3,0,3,0,0
91,208,Olathe Ward 3 Precinct 22,1115,376,442,297,85,23,62,0,0,2,0,0,21,0,0,0,52,8,1,0,1,0,0
91,209,Olathe Ward 3 Precinct 23,1157,375,437,345,79,28,51,0,0,2,0,0,25,1,0,0,36,9,2,1,3,0,0
91,210,Olathe Ward 3 Precinct 24,641,189,290,162,56,22,34,0,0,0,0,0,21,1,0,0,22,10,1,1,0,0,0
91,211,Olathe Ward 3 Precinct 25,1244,383,525,336,74,28,46,0,0,1,0,0,21,6,0,0,36,9,0,0,1,0,0
91,212,Olathe Ward 4 Precinct 01,1747,629,534,584,82,42,40,0,0,3,2,1,35,1,0,0,29,7,1,0,3,0,0
91,213,Olathe Ward 4 Precinct 02,1554,494,699,361,124,51,73,0,0,3,0,0,41,7,0,0,45,11,4,2,11,0,0
91,214,Olathe Ward 4 Precinct 03,1792,710,447,635,70,41,29,0,0,0,1,0,35,5,0,0,20,7,1,0,1,0,0
91,215,Olathe Ward 4 Precinct 04,1121,404,356,361,73,33,40,0,0,2,0,0,29,2,0,0,27,7,2,0,4,0,0
91,216,Olathe Ward 4 Precinct 05,1427,496,610,321,128,58,70,0,0,7,1,0,43,7,0,0,44,14,3,0,9,0,0
91,217,Olathe Ward 4 Precinct 06,1226,421,434,371,96,44,52,0,0,1,0,0,41,2,0,0,40,6,4,1,1,0,0
91,218,Olathe Ward 4 Precinct 07,1018,361,359,298,48,22,26,0,0,0,0,0,21,1,0,0,18,4,0,0,4,0,0
91,219,Olathe Ward 4 Precinct 08,1186,390,502,294,92,42,50,0,0,2,3,0,34,3,0,0,33,12,0,0,5,0,0
91,220,Olathe Ward 4 Precinct 09,1653,531,689,433,112,45,67,0,0,0,1,1,39,4,0,0,47,14,1,0,5,0,0
91,221,Olathe Ward 4 Precinct 10,1076,364,419,293,45,17,28,0,0,0,0,0,15,2,0,0,19,9,0,0,0,0,0
91,222,Olathe Ward 4 Precinct 11,830,303,307,220,43,14,29,0,0,0,2,0,11,1,0,0,17,12,0,0,0,0,0
91,223,Olathe Ward 4 Precinct 12,1881,609,837,435,121,49,72,0,0,0,0,1,43,5,0,0,47,18,3,0,4,0,0
91,224,Olathe Ward 4 Precinct 13,924,316,324,284,45,16,29,0,0,0,0,0,13,3,0,0,20,7,0,0,2,0,0
91,225,Olathe Ward 4 Precinct 14,1740,581,697,462,124,39,85,0,0,2,0,0,34,3,0,0,53,26,0,0,6,0,0
91,226,Olathe Ward 4 Precinct 15,167,56,38,73,4,2,2,0,0,Redacted,Redacted,Redacted,Redacted,0,0,0,Redacted,Redacted,Redacted,Redacted,0,0,0
91,227,Olathe Ward 4 Precinct 16,1361,398,581,382,84,33,51,0,0,1,0,0,28,4,0,0,37,8,3,0,3,0,0
91,228,Olathe Ward 4 Precinct 17,1294,366,554,374,82,36,46,0,0,2,0,0,31,3,0,0,37,6,2,0,1,0,0
91,229,Spring Hill Precinct 01,1827,424,821,582,107,23,84,0,0,0,0,0,18,5,0,0,68,9,4,0,3,0,0
91,230,Spring Hill Precinct 02,0,0,0,0,0,0,0,0,0,0,0,0,0,0,0,0,0,0,0,0,0,0,0
91,231,Spring Hill Precinct 03,687,126,401,160,36,6,30,0,0,Redacted,Redacted,Redacted,Redacted,0,0,0,27,1,2,0,0,0,0
91,232,Spring Hill Precinct 04,3,0,3,0,0,0,0,0,0,0,0,0,0,0,0,0,0,0,0,0,0,0,0
91,233,Spring Hill Precinct 05,327,76,159,92,17,4,13,0,0,0,0,0,2,2,0,0,11,2,0,0,0,0,0
91,234,Spring Hill Precinct 06,0,0,0,0,0,0,0,0,0,0,0,0,0,0,0,0,0,0,0,0,0,0,0
91,235,Spring Hill Precinct 07,0,0,0,0,0,0,0,0,0,0,0,0,0,0,0,0,0,0,0,0,0,0,0
91,236,Spring Hill Precinct 08,189,40,97,52,12,5,7,0,0,0,0,0,4,1,0,0,6,1,0,0,0,0,0
91,237,Spring Hill Precinct 09,982,224,496,262,28,10,18,0,0,Redacted,Redacted,Redacted,Redacted,0,0,0,15,3,0,0,0,0,0
91,238,Spring Hill Precinct 10,0,0,0,0,0,0,0,0,0,0,0,0,0,0,0,0,0,0,0,0,0,0,0
91,239,Fairway Ward 1 Precinct 01,522,221,197,104,36,15,21,0,0,1,0,0,13,1,0,0,7,9,1,0,4,0,0
91,240,Fairway Ward 1 Precinct 02,362,178,126,58,30,16,14,0,0,Redacted,Redacted,Redacted,Redacted,0,0,0,8,6,0,0,0,0,0
91,241,Fairway Ward 2 Precinct 01,361,144,138,79,26,18,8,0,0,Redacted,Redacted,Redacted,Redacted,0,0,0,3,4,0,0,1,0,0
91,242,Fairway Ward 2 Precinct 02,384,155,148,81,25,18,7,0,0,0,0,0,17,1,0,0,3,4,0,0,0,0,0
91,243,Fairway Ward 3 Precinct 01,504,175,235,94,29,18,11,0,0,Redacted,Redacted,Redacted,Redacted,0,0,0,3,7,0,0,1,0,0
91,244,Fairway Ward 3 Precinct 02,454,166,202,86,26,8,18,0,0,Redacted,Redacted,Redacted,Redacted,0,0,0,8,9,0,0,1,0,0
91,245,Fairway Ward 4 Precinct 01,230,105,63,62,13,9,4,0,0,0,0,0,8,1,0,0,2,1,0,0,1,0,0
91,246,Fairway Ward 4 Precinct 02,257,124,64,69,14,8,6,0,0,Redacted,Redacted,Redacted,Redacted,0,0,0,2,1,0,0,3,0,0
91,247,Fairway Ward 4 Precinct 03,174,67,52,55,6,4,2,0,0,Redacted,Redacted,Redacted,Redacted,0,0,0,0,1,0,0,1,0,0
91,248,Fairway Ward 4 Precinct 04,255,116,59,80,8,7,1,0,0,0,0,0,6,1,0,0,Redacted,Redacted,Redacted,Redacted,0,0,0
91,249,Leawood Ward 1 Precinct 01,840,348,304,188,65,34,31,0,0,0,0,0,31,3,0,0,15,12,1,0,3,0,0
91,250,Leawood Ward 1 Precinct 02,1337,392,665,280,75,26,49,0,0,Redacted,Redacted,Redacted,Redacted,0,0,0,22,25,1,0,1,0,0
91,251,Leawood Ward 1 Precinct 03,1168,404,518,246,75,26,49,0,0,1,0,0,24,1,0,0,35,12,0,0,2,0,0
91,252,Leawood Ward 1 Precinct 04,1046,372,420,254,60,29,31,0,0,Redacted,Redacted,Redacted,Redacted,0,0,0,12,14,0,0,5,0,0
91,253,Leawood Ward 1 Precinct 05,836,281,383,172,47,27,20,0,0,2,0,1,23,1,0,0,8,12,0,0,0,0,0
91,254,Leawood Ward 1 Precinct 06,285,113,104,68,14,3,11,0,0,Redacted,Redacted,Redacted,Redacted,0,0,0,10,0,1,0,0,0,0
91,255,Leawood Ward 1 Precinct 07,1071,356,497,218,60,28,32,0,0,1,1,0,24,2,0,0,15,11,0,0,6,0,0
91,256,Leawood Ward 2 Precinct 01,964,311,484,169,55,21,34,0,0,0,0,0,18,3,0,0,20,7,1,1,5,0,0
91,257,Leawood Ward 2 Precinct 02,1514,525,687,302,90,37,53,0,0,0,0,0,36,1,0,0,26,19,3,0,5,0,0
91,258,Leawood Ward 2 Precinct 03,1254,395,591,268,125,65,60,0,0,1,1,1,61,1,0,0,39,16,0,2,3,0,0
91,259,Leawood Ward 2 Precinct 04,1309,302,758,249,59,18,41,0,1,0,0,0,16,1,0,1,25,13,2,0,1,0,0
91,260,Leawood Ward 2 Precinct 05,769,240,359,170,41,19,22,0,0,0,0,0,17,2,0,0,14,5,1,0,2,0,0
91,261,Leawood Ward 2 Precinct 06,750,213,384,153,19,5,14,0,0,0,0,0,3,2,0,0,8,4,0,0,2,0,0
91,262,Leawood Ward 2 Precinct 07,673,259,273,141,50,24,26,0,0,0,0,1,23,0,0,0,16,8,1,0,1,0,0
91,263,Leawood Ward 3 Precinct 01,1187,370,586,231,76,29,47,0,1,1,0,0,28,0,0,0,27,17,0,0,2,0,1
91,264,Leawood Ward 3 Precinct 02,1221,406,567,248,57,29,28,0,0,Redacted,Redacted,Redacted,Redacted,0,0,0,14,7,2,0,5,0,0
91,265,Leawood Ward 3 Precinct 03,774,216,402,156,57,18,39,0,0,1,0,0,12,5,0,0,29,6,2,0,2,0,0
91,266,Leawood Ward 3 Precinct 04,437,135,199,103,16,7,9,0,0,1,0,0,6,0,0,0,2,5,0,0,2,0,0
91,267,Leawood Ward 3 Precinct 05,2206,587,1086,533,119,44,75,0,0,1,0,0,37,6,0,0,45,22,1,0,7,0,0
91,268,Leawood Ward 3 Precinct 06,1870,499,946,425,114,42,72,0,0,1,0,0,33,8,0,0,37,24,5,0,6,0,0
91,269,Leawood Ward 3 Precinct 07,228,57,122,49,10,3,7,0,0,0,0,0,2,1,0,0,5,2,0,0,0,0,0
91,270,Leawood Ward 4 Precinct 01,373,90,208,75,17,2,15,0,0,0,0,0,1,1,0,0,10,5,0,0,0,0,0
91,271,Leawood Ward 4 Precinct 02,948,244,554,150,72,21,51,0,0,0,0,0,20,1,0,0,33,15,2,0,1,0,0
91,272,Leawood Ward 4 Precinct 03,798,170,479,149,59,19,40,0,0,0,0,0,18,1,0,0,30,6,1,0,3,0,0
91,273,Leawood Ward 4 Precinct 04,1229,343,625,261,63,21,42,0,0,Redacted,Redacted,Redacted,Redacted,0,0,0,25,10,1,0,6,0,0
91,274,Leawood Ward 4 Precinct 05,1163,323,591,249,69,22,47,0,0,0,0,0,20,2,0,0,27,16,1,0,3,0,0
91,275,Leawood Ward 4 Precinct 06,994,197,550,247,44,10,34,0,0,0,0,0,8,2,0,0,22,9,2,0,1,0,0
91,276,Leawood Ward 4 Precinct 07,2093,545,1091,457,94,35,59,0,0,0,0,0,32,3,0,0,42,12,1,1,3,0,0
91,277,Lenexa Ward 1 Precinct 01,1813,587,740,486,127,46,81,0,0,1,0,0,42,3,0,0,63,11,1,1,5,0,0
91,278,Lenexa Ward 1 Precinct 02,1378,510,583,285,102,44,58,0,0,1,0,0,42,1,0,0,35,18,2,0,3,0,0
91,279,Lenexa Ward 1 Precinct 03,1604,556,686,362,137,62,75,0,0,0,0,1,58,3,0,0,42,23,0,0,10,0,0
91,280,Lenexa Ward 1 Precinct 04,1274,476,423,375,50,19,31,0,0,1,0,0,18,0,0,0,27,4,0,0,0,0,0
91,281,Lenexa Ward 1 Precinct 05,1244,289,667,288,87,17,70,0,0,0,0,0,16,1,0,0,49,17,3,0,1,0,0
91,282,Lenexa Ward 1 Precinct 06,513,129,273,111,27,3,24,0,0,2,0,0,1,0,0,0,18,5,0,0,1,0,0
91,283,Lenexa Ward 1 Precinct 07,1329,447,561,321,72,33,39,0,0,0,0,1,32,0,0,0,22,10,4,0,3,0,0
91,284,Lenexa Ward 1 Precinct 08,1081,411,333,337,38,21,17,0,0,0,0,0,20,1,0,0,7,3,3,1,3,0,0
91,285,Lenexa Ward 1 Precinct 09,1416,351,703,362,99,32,67,0,0,Redacted,Redacted,Redacted,Redacted,0,0,0,47,16,2,0,2,0,0
91,286,Lenexa Ward 2 Precinct 01,1506,468,661,377,91,29,62,0,0,0,0,0,27,2,0,0,39,13,3,0,7,0,0
91,287,Lenexa Ward 2 Precinct 02,1014,249,496,269,73,25,48,0,0,0,0,0,23,2,0,0,40,7,0,0,1,0,0
91,288,Lenexa Ward 2 Precinct 03,1688,457,828,403,96,32,64,0,0,2,0,0,26,4,0,0,43,14,1,0,6,0,0
91,289,Lenexa Ward 2 Precinct 04,2040,448,1104,488,96,30,66,0,0,0,0,0,27,3,0,0,51,10,3,1,1,0,0
91,290,Lenexa Ward 2 Precinct 05,1800,643,621,536,93,46,47,0,1,1,0,0,40,4,0,1,37,6,3,0,1,0,0
91,291,Lenexa Ward 2 Precinct 06,703,231,301,171,50,16,34,0,0,2,0,1,11,2,0,0,19,12,1,1,1,0,0
91,292,Lenexa Ward 2 Precinct 07,1668,457,806,405,111,42,69,0,0,1,0,0,41,0,0,0,45,11,6,0,7,0,0
91,293,Lenexa Ward 2 Precinct 08,0,0,0,0,0,0,0,0,0,0,0,0,0,0,0,0,0,0,0,0,0,0,0
91,294,Lenexa Ward 2 Precinct 09,0,0,0,0,0,0,0,0,0,0,0,0,0,0,0,0,0,0,0,0,0,0,0
91,295,Lenexa Ward 2 Precinct 10,652,266,151,235,12,6,6,0,0,0,0,0,4,2,0,0,Redacted,Redacted,Redacted,Redacted,0,0,0
91,296,Lenexa Ward 2 Precinct 11,1164,270,625,269,87,26,61,0,0,1,0,0,22,3,0,0,38,18,2,0,3,0,0
91,297,Lenexa Ward 3 Precinct 01,1331,535,361,435,60,28,32,0,0,1,0,0,25,2,0,0,23,6,1,1,1,0,0
91,298,Lenexa Ward 3 Precinct 02,2087,884,644,559,146,82,64,0,0,2,0,2,70,8,0,0,37,18,4,0,5,0,0
91,299,Lenexa Ward 3 Precinct 03,1450,493,648,309,116,52,64,0,0,3,0,0,44,5,0,0,38,18,1,0,7,0,0
91,300,Lenexa Ward 3 Precinct 04,912,300,437,175,65,24,41,0,0,0,1,0,22,1,0,0,31,8,0,0,2,0,0
91,301,Lenexa Ward 3 Precinct 05,1307,574,277,456,55,30,25,0,0,0,0,0,27,3,0,0,23,1,0,0,1,0,0
91,302,Lenexa Ward 3 Precinct 06,470,180,186,104,24,11,13,0,0,Redacted,Redacted,Redacted,Redacted,0,0,0,9,2,2,0,0,0,0
91,303,Lenexa Ward 3 Precinct 07,1096,377,480,239,80,33,47,0,0,2,1,0,28,2,0,0,27,15,4,0,1,0,0
91,304,Lenexa Ward 3 Precinct 08,1068,363,505,200,113,38,75,0,0,1,0,0,36,1,0,0,46,25,1,0,3,0,0
91,305,Lenexa Ward 3 Precinct 09,1067,329,459,279,76,30,46,0,0,0,1,1,25,3,0,0,23,17,2,0,4,0,0
91,306,Lenexa Ward 3 Precinct 10,415,156,143,116,36,16,20,0,0,1,0,0,12,3,0,0,9,6,1,1,3,0,0
91,307,Lenexa Ward 4 Precinct 01,910,347,318,245,73,33,40,0,0,0,0,0,28,5,0,0,30,5,3,1,1,0,0
91,308,Lenexa Ward 4 Precinct 02,1076,376,464,236,82,38,44,0,0,0,1,0,36,1,0,0,26,13,1,0,4,0,0
91,309,Lenexa Ward 4 Precinct 03,1090,402,252,436,42,25,17,0,0,1,0,0,21,3,0,0,13,4,0,0,0,0,0
91,310,Lenexa Ward 4 Precinct 04,719,233,278,208,61,16,45,0,0,0,2,0,12,2,0,0,34,3,0,1,7,0,0
91,311,Lenexa Ward 4 Precinct 05,606,210,200,196,33,12,21,0,0,3,0,0,8,1,0,0,15,4,0,0,2,0,0
91,312,Lenexa Ward 4 Precinct 06,4,2,1,1,0,0,0,0,0,0,0,0,0,0,0,0,0,0,0,0,0,0,0
91,313,Lenexa Ward 4 Precinct 07,919,362,358,199,70,26,44,0,0,0,1,0,25,0,0,0,22,14,2,0,6,0,0
91,314,Lenexa Ward 4 Precinct 08,729,231,390,108,190,93,97,0,1,0,0,0,90,3,0,0,42,37,1,1,15,0,1
91,315,Lenexa Ward 4 Precinct 09,1000,364,394,242,74,38,36,0,0,2,1,0,31,4,0,0,18,14,1,0,3,0,0
91,316,Lenexa Ward 4 Precinct 10,511,202,157,152,25,13,12,0,0,0,0,0,11,2,0,0,11,0,1,0,0,0,0
91,317,Lenexa Ward 4 Precinct 11,1109,454,337,318,63,32,31,0,0,1,0,0,28,3,0,0,20,4,2,0,5,0,0
91,318,Lenexa Ward 4 Precinct 12,837,289,331,217,63,30,33,0,0,1,1,1,19,8,0,0,21,7,0,0,5,0,0
91,319,Lenexa Ward 4 Precinct 13,252,62,130,60,8,0,8,0,0,0,0,0,0,0,0,0,7,0,0,1,0,0,0
91,320,Merriam Ward 1 Precinct 01,562,218,187,157,38,15,23,0,0,0,0,0,14,1,0,0,18,3,1,0,1,0,0
91,321,Merriam Ward 1 Precinct 02,519,230,124,165,30,19,11,0,0,0,0,0,16,3,0,0,8,1,1,0,1,0,0
91,322,Merriam Ward 1 Precinct 03,195,70,61,64,6,4,2,0,0,Redacted,Redacted,Redacted,Redacted,0,0,0,Redacted,Redacted,Redacted,Redacted,0,0,0
91,323,Merriam Ward 1 Precinct 04,530,222,152,156,33,14,19,0,0,1,1,0,11,1,0,0,13,4,1,0,1,0,0
91,324,Merriam Ward 2 Precinct 01,264,104,82,78,13,5,8,0,0,2,0,0,3,0,0,0,6,2,0,0,0,0,0
91,325,Merriam Ward 2 Precinct 02,2,1,0,1,1,1,0,0,0,Redacted,Redacted,Redacted,Redacted,0,0,0,0,0,0,0,0,0,0
91,326,Merriam Ward 2 Precinct 03,703,285,193,225,74,36,38,0,0,2,0,0,32,2,0,0,27,9,1,0,1,0,0
91,327,Merriam Ward 2 Precinct 04,996,358,317,321,58,20,38,0,0,0,0,1,16,3,0,0,29,7,0,0,2,0,0
91,328,Merriam Ward 3 Precinct 01,1234,507,320,407,73,52,21,0,0,0,0,1,41,10,0,0,15,2,1,1,2,0,0
91,329,Merriam Ward 3 Precinct 02,1022,424,317,281,88,47,41,0,0,1,0,0,42,4,0,0,22,14,0,1,4,0,0
91,330,Merriam Ward 4 Precinct 01,1256,495,431,330,86,41,45,0,0,0,2,1,33,5,0,0,30,11,0,0,4,0,0
91,331,Merriam Ward 4 Precinct 02,488,196,150,142,38,15,23,0,0,1,0,2,11,1,0,0,20,2,1,0,0,0,0
91,332,Merriam Ward 4 Precinct 03,625,273,186,166,54,33,21,0,0,3,0,1,25,4,0,0,14,3,1,0,3,0,0
91,333,Mission Ward 1 Precinct 01,670,299,183,188,32,21,11,0,0,1,0,0,18,2,0,0,6,5,0,0,0,0,0
91,334,Mission Ward 1 Precinct 02,1062,427,205,430,63,31,32,0,0,4,0,0,22,5,0,0,16,12,1,1,2,0,0
91,335,Mission Ward 2 Precinct 01,1101,455,321,325,68,37,31,0,0,2,1,3,28,3,0,0,19,5,2,0,5,0,0
91,336,Mission Ward 2 Precinct 02,1083,477,282,324,102,58,44,0,0,1,0,1,52,4,0,0,33,7,2,0,2,0,0
91,337,Mission Ward 3 Precinct 01,1354,601,334,419,72,48,24,0,0,2,0,0,41,5,0,0,19,2,2,0,1,0,0
91,338,Mission Ward 3 Precinct 02,539,251,151,137,39,16,23,0,0,1,0,0,14,1,0,0,20,3,0,0,0,0,0
91,339,Mission Ward 4 Precinct 01,666,312,201,153,65,45,20,0,0,1,0,0,43,1,0,0,15,5,0,0,0,0,0
91,340,Mission Ward 4 Precinct 02,805,329,295,181,80,42,38,0,0,0,0,0,40,2,0,0,24,10,2,0,2,0,0
91,341,Mission Ward 4 Precinct 03,266,113,86,67,13,9,4,0,0,0,0,0,8,1,0,0,3,0,0,0,1,0,0
91,342,Mission Ward 4 Precinct 04,337,145,103,89,30,16,14,0,0,0,0,0,15,1,0,0,9,4,0,0,1,0,0
91,343,Mission Hills Precinct 01,737,192,407,138,24,12,12,0,0,Redacted,Redacted,Redacted,Redacted,0,0,0,2,9,0,0,1,0,0
91,344,Mission Hills Precinct 02,910,267,460,183,41,11,30,0,0,Redacted,Redacted,Redacted,Redacted,0,0,0,16,9,1,0,4,0,0
91,345,Mission Hills Precinct 03,600,142,334,124,22,14,8,0,0,0,0,0,12,2,0,0,1,6,0,0,1,0,0
91,346,Mission Hills Precinct 04,980,296,513,171,40,15,25,0,0,Redacted,Redacted,Redacted,Redacted,0,0,0,12,12,1,0,0,0,0
91,347,Mission Woods Precinct 01,170,67,68,35,9,4,5,0,0,1,0,0,3,0,0,0,1,2,0,1,1,0,0
91,348,Overland Park Ward 1 Precinct 01,1113,447,334,332,85,50,35,0,0,2,1,1,44,2,0,0,19,9,0,2,5,0,0
91,349,Overland Park Ward 1 Precinct 02,1349,603,332,414,87,59,28,0,0,1,1,3,46,8,0,0,21,4,0,0,3,0,0
91,350,Overland Park Ward 1 Precinct 03,1088,427,350,311,48,25,23,0,0,Redacted,Redacted,Redacted,Redacted,0,0,0,15,8,0,0,0,0,0
91,351,Overland Park Ward 1 Precinct 04,390,156,129,105,32,12,20,0,0,1,0,0,9,2,0,0,18,2,0,0,0,0,0
91,352,Overland Park Ward 1 Precinct 05,442,200,132,110,31,18,13,0,0,Redacted,Redacted,Redacted,Redacted,0,0,0,5,8,0,0,0,0,0
91,353,Overland Park Ward 1 Precinct 06,1194,489,419,286,102,43,59,0,0,2,0,2,37,2,0,0,44,10,1,0,4,0,0
91,354,Overland Park Ward 1 Precinct 07,1387,520,452,415,97,38,59,0,1,2,0,0,36,0,0,0,40,10,3,0,5,0,1
91,355,Overland Park Ward 1 Precinct 08,1222,488,313,421,82,34,48,0,0,1,2,0,29,2,0,0,25,15,1,0,7,0,0
91,356,Overland Park Ward 1 Precinct 09,708,283,219,206,51,22,29,0,0,1,0,0,18,3,0,0,21,6,0,0,2,0,0
91,357,Overland Park Ward 1 Precinct 10,1472,597,464,411,129,67,62,0,0,0,0,3,61,3,0,0,49,12,0,0,1,0,0
91,358,Overland Park Ward 1 Precinct 11,562,218,106,238,20,14,6,0,0,1,0,0,11,2,0,0,4,2,0,0,0,0,0
91,359,Overland Park Ward 1 Precinct 12,1429,643,323,463,40,25,15,0,0,1,1,0,21,2,0,0,8,3,0,0,4,0,0
91,360,Overland Park Ward 1 Precinct 13,890,345,256,289,56,41,15,0,0,1,0,2,31,7,0,0,9,4,0,0,2,0,0
91,361,Overland Park Ward 1 Precinct 14,1119,474,301,344,73,38,35,0,0,2,1,0,34,1,0,0,22,5,3,0,5,0,0
91,362,Overland Park Ward 1 Precinct 15,513,215,149,149,33,19,14,0,0,0,0,1,18,0,0,0,12,2,0,0,0,0,0
91,363,Overland Park Ward 1 Precinct 16,939,416,254,269,61,40,21,0,0,0,0,0,31,9,0,0,9,8,2,0,2,0,0
91,364,Overland Park Ward 1 Precinct 17,590,235,176,179,48,16,32,0,0,1,0,0,14,1,0,0,22,6,2,0,2,0,0
91,365,Overland Park Ward 1 Precinct 18,826,349,323,154,97,53,44,0,0,1,0,0,49,3,0,0,25,13,1,1,4,0,0
91,366,Overland Park Ward 1 Precinct 19,919,421,212,286,39,20,19,0,0,0,1,1,18,0,0,0,14,2,1,0,2,0,0
91,367,Overland Park Ward 1 Precinct 20,572,244,188,140,51,31,20,0,0,0,1,0,30,0,0,0,12,6,0,1,1,0,0
91,368,Overland Park Ward 1 Precinct 21,346,125,127,94,31,15,16,0,0,2,0,1,9,3,0,0,11,4,0,0,1,0,0
91,369,Overland Park Ward 1 Precinct 22,292,137,63,92,11,9,2,0,0,1,0,0,8,0,0,0,Redacted,Redacted,Redacted,Redacted,0,0,0
91,370,Overland Park Ward 1 Precinct 23,810,349,306,155,67,42,25,0,0,0,0,0,40,2,0,0,13,11,1,0,0,0,0
91,371,Overland Park Ward 1 Precinct 24,256,111,80,65,23,12,11,0,0,0,1,1,8,2,0,0,7,1,1,0,2,0,0
91,372,Overland Park Ward 1 Precinct 25,691,271,216,204,58,26,32,0,0,1,0,0,23,2,0,0,19,9,0,0,4,0,0
91,373,Overland Park Ward 1 Precinct 26,187,56,54,77,17,9,8,0,0,1,0,0,7,1,0,0,6,2,0,0,0,0,0
91,374,Overland Park Ward 2 Precinct 01,857,319,343,195,70,25,45,0,0,0,0,0,23,2,0,0,31,6,1,0,7,0,0
91,375,Overland Park Ward 2 Precinct 02,916,325,338,253,61,35,26,0,0,1,0,0,33,1,0,0,9,12,0,0,5,0,0
91,376,Overland Park Ward 2 Precinct 03,757,318,283,156,49,21,28,0,0,1,0,0,17,3,0,0,13,12,0,0,3,0,0
91,377,Overland Park Ward 2 Precinct 04,947,372,334,241,72,27,45,0,0,0,1,0,25,1,0,0,36,8,1,0,0,0,0
91,378,Overland Park Ward 2 Precinct 05,768,338,213,217,29,16,13,0,0,1,0,1,14,0,0,0,7,4,1,1,0,0,0
91,379,Overland Park Ward 2 Precinct 06,906,373,300,233,78,43,35,0,0,0,0,0,35,8,0,0,20,11,1,0,3,0,0
91,380,Overland Park Ward 2 Precinct 07,691,256,246,189,75,48,27,0,0,3,0,0,44,1,0,0,15,9,1,0,2,0,0
91,381,Overland Park Ward 2 Precinct 08,1175,508,293,374,55,26,29,0,0,0,0,1,21,4,0,0,21,3,1,1,3,0,0
91,382,Overland Park Ward 2 Precinct 09,916,328,290,298,44,12,32,0,0,0,0,0,10,2,0,0,22,9,0,1,0,0,0
91,383,Overland Park Ward 2 Precinct 10,1976,751,715,510,126,58,68,0,0,2,0,1,54,1,0,0,42,15,4,1,6,0,0
91,384,Overland Park Ward 2 Precinct 11,455,148,188,119,12,5,7,0,0,Redacted,Redacted,Redacted,Redacted,0,0,0,5,0,0,0,2,0,0
91,385,Overland Park Ward 2 Precinct 12,727,259,269,199,46,20,26,0,0,0,0,0,17,3,0,0,18,8,0,0,0,0,0
91,386,Overland Park Ward 2 Precinct 13,748,307,191,250,42,29,13,0,0,0,0,0,24,5,0,0,8,1,0,0,4,0,0
91,387,Overland Park Ward 2 Precinct 14,661,287,230,144,68,37,31,0,0,0,0,0,36,1,0,0,21,6,1,0,3,0,0
91,388,Overland Park Ward 2 Precinct 15,1130,415,432,283,108,50,58,0,0,1,1,1,47,0,0,0,31,17,4,0,6,0,0
91,389,Overland Park Ward 2 Precinct 16,737,298,266,173,91,46,45,0,0,0,0,0,45,1,0,0,33,9,0,0,3,0,0
91,390,Overland Park Ward 2 Precinct 17,1012,343,438,231,78,31,47,0,0,1,0,0,28,2,0,0,29,17,0,0,1,0,0
91,391,Overland Park Ward 2 Precinct 18,1558,595,522,441,119,60,59,0,0,1,0,4,49,6,0,0,43,9,2,1,4,0,0
91,392,Overland Park Ward 2 Precinct 19,703,272,289,142,71,34,37,0,0,0,0,1,31,2,0,0,26,5,2,0,4,0,0
91,393,Overland Park Ward 2 Precinct 20,607,245,239,123,68,34,34,0,0,1,0,1,32,0,0,0,21,7,2,0,4,0,0
91,394,Overland Park Ward 2 Precinct 21,711,313,260,138,65,31,34,0,0,0,1,0,30,0,0,0,17,12,1,0,4,0,0
91,395,Overland Park Ward 2 Precinct 22,892,393,268,231,63,35,28,0,0,1,1,0,30,3,0,0,10,14,2,0,2,0,0
91,396,Overland Park Ward 2 Precinct 23,801,296,361,144,66,27,39,0,0,0,0,0,26,1,0,0,25,11,1,0,2,0,0
91,397,Overland Park Ward 2 Precinct 24,856,316,374,166,64,27,37,0,0,0,0,0,25,2,0,0,14,11,5,0,7,0,0
91,398,Overland Park Ward 2 Precinct 25,670,248,278,144,34,9,25,0,0,Redacted,Redacted,Redacted,Redacted,0,0,0,16,7,0,0,2,0,0
91,399,Overland Park Ward 2 Precinct 26,850,325,253,272,39,24,15,0,0,1,0,0,20,3,0,0,12,1,0,0,2,0,0
91,400,Overland Park Ward 2 Precinct 27,549,225,188,136,41,20,21,0,0,Redacted,Redacted,Redacted,Redacted,0,0,0,11,4,1,0,5,0,0
91,401,Overland Park Ward 2 Precinct 28,556,214,211,131,60,25,35,0,0,1,1,0,23,0,0,0,23,8,1,0,3,0,0
91,402,Overland Park Ward 3 Precinct 01,1456,516,588,352,81,39,42,0,0,1,1,2,34,1,0,0,23,17,1,0,1,0,0
91,403,Overland Park Ward 3 Precinct 02,1108,400,444,264,94,32,62,0,0,2,0,0,29,1,0,0,35,19,0,0,8,0,0
91,404,Overland Park Ward 3 Precinct 03,737,264,326,147,57,21,36,0,0,0,0,0,20,1,0,0,20,8,1,0,7,0,0
91,405,Overland Park Ward 3 Precinct 04,1049,350,414,285,87,33,54,0,0,0,1,0,26,6,0,0,33,14,5,0,2,0,0
91,406,Overland Park Ward 3 Precinct 05,1184,437,434,313,73,35,38,0,0,1,0,0,33,1,0,0,24,10,1,0,3,0,0
91,407,Overland Park Ward 3 Precinct 06,987,350,429,208,90,35,55,0,0,1,0,0,31,3,0,0,35,15,1,2,2,0,0
91,408,Overland Park Ward 3 Precinct 07,1065,438,288,339,42,22,20,0,0,2,0,0,19,1,0,0,11,5,2,0,2,0,0
91,409,Overland Park Ward 3 Precinct 08,841,287,365,189,77,25,52,0,0,0,1,0,23,1,0,0,37,10,1,0,4,0,0
91,410,Overland Park Ward 3 Precinct 09,1315,446,558,311,124,54,70,0,0,2,0,0,44,8,0,0,55,9,0,0,6,0,0
91,411,Overland Park Ward 3 Precinct 10,669,201,307,161,54,22,32,0,0,1,0,0,21,0,0,0,26,5,0,0,1,0,0
91,412,Overland Park Ward 3 Precinct 11,1072,353,427,292,63,24,39,0,0,0,0,1,22,1,0,0,23,12,3,0,1,0,0
91,413,Overland Park Ward 3 Precinct 12,1012,405,265,342,47,26,21,0,0,2,0,0,23,1,0,0,16,4,0,1,0,0,0
91,414,Overland Park Ward 3 Precinct 13,1893,694,686,513,95,49,46,0,0,0,1,1,41,6,0,0,33,9,2,0,2,0,0
91,415,Overland Park Ward 3 Precinct 14,1388,495,512,381,113,45,68,0,0,2,0,0,42,1,0,0,49,15,1,0,3,0,0
91,416,Overland Park Ward 3 Precinct 15,835,274,350,211,76,22,54,0,0,2,0,0,19,1,0,0,40,12,0,0,2,0,0
91,417,Overland Park Ward 3 Precinct 16,920,339,389,192,62,20,42,0,0,0,0,0,17,3,0,0,23,9,0,0,10,0,0
91,418,Overland Park Ward 3 Precinct 17,1542,500,671,371,105,40,65,0,0,1,0,0,39,0,0,0,37,19,3,1,5,0,0
91,419,Overland Park Ward 3 Precinct 18,1849,663,625,561,82,45,37,0,0,2,0,0,40,3,0,0,22,10,3,0,2,0,0
91,420,Overland Park Ward 3 Precinct 19,1272,480,467,325,90,41,49,0,0,4,0,0,35,2,0,0,30,16,0,0,3,0,0
91,421,Overland Park Ward 3 Precinct 20,1112,380,497,235,99,49,50,0,0,0,0,0,46,3,0,0,29,12,4,0,5,0,0
91,422,Overland Park Ward 3 Precinct 21,151,50,63,38,10,1,9,0,0,Redacted,Redacted,Redacted,Redacted,0,0,0,5,3,0,0,1,0,0
91,423,Overland Park Ward 3 Precinct 22,691,237,236,218,44,17,27,0,0,0,0,0,16,1,0,0,10,11,1,0,5,0,0
91,424,Overland Park Ward 3 Precinct 23,996,392,276,328,69,35,34,0,0,0,0,0,31,4,0,0,27,4,1,0,2,0,0
91,425,Overland Park Ward 3 Precinct 24,0,0,0,0,0,0,0,0,0,0,0,0,0,0,0,0,0,0,0,0,0,0,0
91,426,Overland Park Ward 3 Precinct 25,0,0,0,0,0,0,0,0,0,0,0,0,0,0,0,0,0,0,0,0,0,0,0
91,427,Overland Park Ward 4 Precinct 01,1266,416,543,307,60,21,39,0,0,0,1,0,17,3,0,0,28,9,0,0,2,0,0
91,428,Overland Park Ward 4 Precinct 02,1158,333,463,362,52,21,31,0,0,1,0,0,20,0,0,0,20,7,2,1,1,0,0
91,429,Overland Park Ward 4 Precinct 03,1778,472,890,416,76,18,58,0,0,0,0,0,14,4,0,0,35,16,2,0,5,0,0
91,430,Overland Park Ward 4 Precinct 04,1517,459,696,362,114,35,79,0,0,1,0,1,29,4,0,0,59,17,1,1,1,0,0
91,431,Overland Park Ward 4 Precinct 05,1230,391,524,315,45,18,27,0,0,Redacted,Redacted,Redacted,Redacted,0,0,0,15,10,0,0,2,0,0
91,432,Overland Park Ward 4 Precinct 06,978,328,421,229,70,31,39,0,0,1,1,0,27,2,0,0,21,13,0,0,5,0,0
91,433,Overland Park Ward 4 Precinct 07,881,329,329,223,80,27,53,0,0,0,0,0,26,1,0,0,37,12,0,0,4,0,0
91,434,Overland Park Ward 4 Precinct 08,1040,316,502,222,106,33,73,0,0,0,0,3,28,2,0,0,42,19,1,0,11,0,0
91,435,Overland Park Ward 4 Precinct 09,943,219,555,169,62,12,50,0,0,0,1,0,11,0,0,0,38,10,0,0,2,0,0
91,436,Overland Park Ward 4 Precinct 10,739,194,382,163,52,13,39,0,0,0,0,0,10,3,0,0,29,9,0,0,1,0,0
91,437,Overland Park Ward 4 Precinct 11,1443,521,573,349,75,28,47,0,0,0,0,0,26,2,0,0,26,15,1,2,3,0,0
91,438,Overland Park Ward 4 Precinct 12,1787,561,790,436,105,30,75,0,0,1,0,0,25,4,0,0,49,17,5,0,4,0,0
91,439,Overland Park Ward 4 Precinct 13,1060,279,553,228,60,12,48,0,0,0,0,0,10,2,0,0,31,11,0,0,6,0,0
91,440,Overland Park Ward 4 Precinct 14,649,149,343,157,34,8,26,0,0,Redacted,Redacted,Redacted,Redacted,0,0,0,22,2,1,0,1,0,0
91,441,Overland Park Ward 4 Precinct 15,746,221,367,158,36,7,29,0,0,0,0,0,6,1,0,0,17,7,1,1,3,0,0
91,442,Overland Park Ward 4 Precinct 16,2150,617,966,567,83,32,51,0,0,1,0,1,27,3,0,0,40,9,1,0,1,0,0
91,443,Overland Park Ward 4 Precinct 17,1721,542,764,415,98,24,74,0,0,0,0,0,23,1,0,0,43,21,4,1,5,0,0
91,444,Overland Park Ward 4 Precinct 18,436,151,140,145,10,4,6,0,0,0,0,0,3,1,0,0,5,0,0,0,1,0,0
91,445,Overland Park Ward 4 Precinct 19,1434,387,657,390,62,17,45,0,0,0,1,0,14,2,0,0,35,6,1,0,3,0,0
91,446,Overland Park Ward 4 Precinct 20,530,135,259,136,20,5,15,0,0,Redacted,Redacted,Redacted,Redacted,0,0,0,10,5,0,0,0,0,0
91,447,Overland Park Ward 4 Precinct 21,829,256,377,196,42,15,27,0,0,1,0,0,12,2,0,0,16,6,2,0,3,0,0
91,448,Overland Park Ward 5 Precinct 01,1254,364,565,325,55,23,32,0,0,0,0,1,18,4,0,0,18,9,3,0,2,0,0
91,449,Overland Park Ward 5 Precinct 02,748,242,331,175,74,30,44,0,0,0,1,0,27,2,0,0,32,10,0,0,2,0,0
91,450,Overland Park Ward 5 Precinct 03,1222,360,552,310,77,34,43,0,0,1,0,0,28,5,0,0,36,5,0,1,1,0,0
91,451,Overland Park Ward 5 Precinct 04,1425,409,635,381,65,25,40,0,0,0,2,1,17,5,0,0,24,10,2,0,4,0,0
91,452,Overland Park Ward 5 Precinct 05,2096,663,889,544,208,83,125,0,0,2,0,1,76,4,0,0,65,41,4,1,14,0,0
91,453,Overland Park Ward 5 Precinct 06,1307,450,462,395,55,25,30,0,0,2,0,0,21,2,0,0,23,3,2,0,2,0,0
91,454,Overland Park Ward 5 Precinct 07,1556,414,798,344,86,25,61,0,0,1,0,0,22,2,0,0,48,12,0,0,1,0,0
91,455,Overland Park Ward 5 Precinct 08,2102,646,804,652,77,29,48,0,0,0,1,0,25,3,0,0,37,8,1,0,2,0,0
91,456,Overland Park Ward 5 Precinct 09,1544,444,757,343,89,23,66,0,0,1,0,0,22,0,0,0,45,17,1,0,3,0,0
91,457,Overland Park Ward 5 Precinct 10,470,165,133,172,11,6,5,0,0,0,0,0,5,1,0,0,3,2,0,0,0,0,0
91,458,Overland Park Ward 5 Precinct 11,1630,584,571,475,107,58,49,0,0,0,0,0,53,5,0,0,32,14,2,0,1,0,0
91,459,Overland Park Ward 5 Precinct 12,583,194,271,118,27,7,20,0,0,Redacted,Redacted,Redacted,Redacted,0,0,0,14,5,0,0,1,0,0
91,460,Overland Park Ward 5 Precinct 13,1198,491,462,245,136,70,66,0,1,1,0,0,68,0,0,1,31,24,1,1,9,0,0
91,461,Overland Park Ward 5 Precinct 14,1328,484,528,316,99,51,48,0,0,2,0,0,45,4,0,0,33,11,1,0,3,0,0
91,462,Overland Park Ward 5 Precinct 15,1815,649,633,533,71,36,35,0,0,0,0,1,27,8,0,0,27,4,2,0,2,0,0
91,463,Overland Park Ward 5 Precinct 16,749,213,338,198,49,15,34,0,0,0,0,0,14,1,0,0,18,11,3,0,2,0,0
91,464,Overland Park Ward 5 Precinct 17,511,194,189,128,24,8,16,0,0,0,0,0,7,1,0,0,13,3,0,0,0,0,0
91,465,Overland Park Ward 5 Precinct 18,1173,405,521,247,107,50,57,0,1,0,0,0,49,1,0,0,37,15,0,0,4,0,1
91,466,Overland Park Ward 5 Precinct 19,412,139,189,84,45,16,29,0,0,Redacted,Redacted,Redacted,Redacted,0,0,0,10,13,2,0,4,0,0
91,467,Overland Park Ward 5 Precinct 20,103,14,71,18,12,0,12,0,0,0,0,0,0,0,0,0,10,1,1,0,0,0,0
91,468,Overland Park Ward 5 Precinct 21,1158,268,575,315,57,18,39,0,0,0,0,1,16,1,0,0,26,8,3,0,2,0,0
91,469,Overland Park Ward 6 Precinct 01,1295,342,674,279,89,26,63,0,0,2,0,0,21,3,0,0,37,16,3,0,7,0,0
91,470,Overland Park Ward 6 Precinct 02,1112,327,507,278,60,16,44,0,0,0,0,0,15,1,0,0,37,2,3,0,2,0,0
91,471,Overland Park Ward 6 Precinct 03,1137,273,555,309,55,16,39,0,0,0,0,0,15,1,0,0,28,5,1,0,5,0,0
91,472,Overland Park Ward 6 Precinct 04,1484,391,702,391,61,23,38,0,0,0,0,0,18,5,0,0,28,8,0,0,2,0,0
91,473,Overland Park Ward 6 Precinct 05,1597,465,705,427,66,21,45,0,0,0,0,0,15,6,0,0,35,9,1,0,0,0,0
91,474,Overland Park Ward 6 Precinct 06,229,54,121,54,5,2,3,0,0,0,0,0,0,2,0,0,2,1,0,0,0,0,0
91,475,Overland Park Ward 6 Precinct 07,441,87,272,82,33,4,29,0,0,Redacted,Redacted,Redacted,Redacted,0,0,0,16,8,0,1,4,0,0
91,476,Overland Park Ward 6 Precinct 08,1141,236,653,252,90,23,67,0,0,0,0,0,16,7,0,0,49,10,3,0,5,0,0
91,477,Overland Park Ward 6 Precinct 09,711,169,316,226,37,9,28,0,0,0,0,0,8,1,0,0,22,3,0,0,3,0,0
91,478,Overland Park Ward 6 Precinct 10,350,117,123,110,5,3,2,0,0,0,0,0,2,1,0,0,1,1,0,0,0,0,0
91,479,Overland Park Ward 6 Precinct 11,1348,285,760,303,53,12,41,0,0,0,0,0,7,5,0,0,26,13,2,0,0,0,0
91,480,Overland Park Ward 6 Precinct 12,564,178,262,124,43,15,28,0,0,0,1,1,12,1,0,0,24,4,0,0,0,0,0
91,481,Overland Park Ward 6 Precinct 13,1266,259,700,307,68,24,44,0,0,2,0,0,18,4,0,0,32,7,3,0,2,0,0
91,482,Overland Park Ward 6 Precinct 14,1343,412,603,328,84,33,51,0,0,0,1,0,30,2,0,0,38,10,0,0,3,0,0
91,483,Overland Park Ward 6 Precinct 15,1781,476,849,456,88,31,57,0,0,0,0,0,29,2,0,0,34,15,2,0,6,0,0
91,484,Overland Park Ward 6 Precinct 16,845,236,380,229,37,17,20,0,0,1,0,0,12,4,0,0,13,6,0,0,1,0,0
91,485,Overland Park Ward 6 Precinct 17,260,66,129,65,11,4,7,0,0,0,0,0,3,1,0,0,5,0,1,0,1,0,0
91,486,Overland Park Ward 6 Precinct 18,1498,342,805,351,58,25,33,0,0,1,0,1,7,16,0,0,28,0,1,1,3,0,0
91,487,Overland Park Ward 6 Precinct 19,915,177,495,243,34,7,27,0,0,0,0,0,5,2,0,0,23,4,0,0,0,0,0
91,488,Overland Park Ward 6 Precinct 20,690,173,326,191,43,5,38,0,0,Redacted,Redacted,Redacted,Redacted,0,0,0,26,7,1,0,4,0,0
91,489,Overland Park Ward 6 Precinct 21,818,261,324,233,80,26,54,0,0,0,0,0,22,4,0,0,39,10,0,0,5,0,0
91,490,Overland Park Ward 6 Precinct 22,1412,453,554,405,82,39,43,0,0,0,0,0,29,10,0,0,29,11,1,0,2,0,0
91,491,Overland Park Ward 6 Precinct 23,2035,411,1070,554,41,17,24,0,0,0,0,0,10,7,0,0,22,2,0,0,0,0,0
91,492,Overland Park Ward 6 Precinct 24,1381,334,691,356,66,12,54,0,0,0,0,0,8,4,0,0,39,12,3,0,0,0,0
91,493,Overland Park Ward 6 Precinct 25,30,4,22,4,3,1,2,0,0,Redacted,Redacted,Redacted,Redacted,0,0,0,Redacted,Redacted,Redacted,Redacted,0,0,0
91,494,Prairie Village Ward 1 Precinct 01,1393,586,534,273,124,66,58,0,0,1,0,0,63,2,0,0,29,22,0,1,6,0,0
91,495,Prairie Village Ward 1 Precinct 02,519,218,183,118,32,19,13,0,0,Redacted,Redacted,Redacted,Redacted,0,0,0,7,6,0,0,0,0,0
91,496,Prairie Village Ward 1 Precinct 03,1081,479,371,231,64,38,26,0,0,1,1,0,33,3,0,0,15,8,2,0,1,0,0
91,497,Prairie Village Ward 2 Precinct 01,1394,583,432,379,74,43,31,0,0,1,0,0,42,0,0,0,6,21,0,1,3,0,0
91,498,Prairie Village Ward 2 Precinct 02,714,321,201,192,37,13,24,0,0,0,0,1,12,0,0,0,14,9,0,0,1,0,0
91,499,Prairie Village Ward 2 Precinct 03,1070,476,323,271,54,29,25,0,0,1,0,0,27,1,0,0,18,6,1,0,0,0,0
91,500,Prairie Village Ward 3 Precinct 01,834,320,309,205,38,15,23,0,0,Redacted,Redacted,Redacted,Redacted,0,0,0,10,10,2,0,1,0,0
91,501,Prairie Village Ward 3 Precinct 02,1402,567,520,315,85,50,35,0,0,1,0,0,42,7,0,0,23,7,1,0,4,0,0
91,502,Prairie Village Ward 3 Precinct 03,868,405,262,201,61,32,29,0,0,0,0,0,31,1,0,0,22,7,0,0,0,0,0
91,503,Prairie Village Ward 4 Precinct 01,1071,413,466,192,86,36,50,0,0,1,0,0,34,1,0,0,30,15,0,1,4,0,0
91,504,Prairie Village Ward 4 Precinct 02,794,311,316,167,63,22,41,0,1,Redacted,Redacted,Redacted,Redacted,0,0,0,23,11,0,0,6,0,1
91,505,Prairie Village Ward 4 Precinct 03,1657,633,681,343,116,53,63,0,0,0,0,1,48,4,0,0,38,16,0,0,9,0,0
91,506,Prairie Village Ward 5 Precinct 01,928,357,386,185,45,24,21,0,1,0,0,0,23,1,0,0,5,13,1,0,1,0,1
91,507,Prairie Village Ward 5 Precinct 02,1124,333,571,220,88,40,48,0,0,1,0,1,34,4,0,0,22,17,2,1,6,0,0
91,508,Prairie Village Ward 5 Precinct 03,1552,497,693,362,97,48,49,0,0,2,0,0,42,4,0,0,24,19,0,0,6,0,0
91,509,Prairie Village Ward 6 Precinct 01,874,352,321,201,58,24,34,0,0,1,0,0,22,1,0,0,14,17,0,0,3,0,0
91,510,Prairie Village Ward 6 Precinct 02,1369,612,402,355,94,58,36,0,0,0,0,0,51,7,0,0,18,11,0,0,7,0,0
91,511,Prairie Village Ward 6 Precinct 03,878,374,261,243,32,24,8,0,0,1,1,0,16,6,0,0,4,3,0,0,1,0,0
91,512,Roeland Park Ward 1 Precinct 01,830,403,144,283,33,26,7,0,1,2,0,0,20,3,0,1,5,1,1,0,0,0,0
91,513,Roeland Park Ward 1 Precinct 02,490,234,126,130,25,15,10,0,0,1,0,0,13,1,0,0,5,3,0,0,2,0,0
91,514,Roeland Park Ward 2 Precinct 01,675,283,195,197,49,18,31,0,0,2,0,0,16,0,0,0,19,11,0,0,1,0,0
91,515,Roeland Park Ward 2 Precinct 02,771,360,200,211,53,32,21,0,0,0,1,0,30,1,0,0,16,4,1,0,0,0,0
91,516,Roeland Park Ward 3 Precinct 01,474,254,117,103,40,20,20,0,0,2,0,0,15,3,0,0,13,5,2,0,0,0,0
91,517,Roeland Park Ward 3 Precinct 02,447,198,127,122,47,31,16,0,0,0,0,0,27,4,0,0,10,4,1,0,1,0,0
91,518,Roeland Park Ward 3 Precinct 03,393,180,114,99,18,10,8,0,0,0,0,0,8,2,0,0,6,1,0,0,1,0,0
91,519,Roeland Park Ward 4 Precinct 01,384,154,123,107,21,14,7,0,0,0,0,0,11,3,0,0,5,0,0,0,2,0,0
91,520,Roeland Park Ward 4 Precinct 02,545,234,174,137,34,24,10,0,0,1,0,0,20,3,0,0,6,2,0,0,2,0,0
91,521,Roeland Park Ward 4 Precinct 03,572,282,170,120,24,16,8,0,0,0,0,0,15,1,0,0,3,2,1,0,2,0,0
91,522,Shawnee Ward 1 Precinct 01,1204,388,494,322,99,36,63,0,0,2,0,0,31,3,0,0,43,12,1,1,6,0,0
91,523,Shawnee Ward 1 Precinct 02,857,313,332,212,76,29,47,0,0,0,1,0,28,0,0,0,29,11,3,1,3,0,0
91,524,Shawnee Ward 1 Precinct 03,929,333,352,244,70,25,45,0,0,0,1,0,22,2,0,0,35,7,1,0,2,0,0
91,525,Shawnee Ward 1 Precinct 04,767,210,353,204,73,30,43,0,0,0,0,0,24,6,0,0,24,17,0,2,0,0,0
91,526,Shawnee Ward 1 Precinct 05,1543,549,629,365,182,76,106,0,0,2,0,1,67,6,0,0,70,27,1,4,4,0,0
91,527,Shawnee Ward 1 Precinct 06,1218,345,598,275,128,47,81,0,0,1,0,0,46,0,0,0,51,20,1,0,9,0,0
91,528,Shawnee Ward 1 Precinct 07,1359,449,556,354,106,39,67,0,0,0,0,0,36,3,0,0,46,14,3,1,3,0,0
91,529,Shawnee Ward 1 Precinct 08,2158,699,899,560,131,47,84,0,0,2,2,0,40,3,0,0,64,12,2,0,6,0,0
91,530,Shawnee Ward 1 Precinct 09,346,159,89,98,15,10,5,0,0,Redacted,Redacted,Redacted,Redacted,0,0,0,2,2,1,0,0,0,0
91,531,Shawnee Ward 1 Precinct 10,443,115,215,113,33,5,28,0,0,1,0,0,4,0,0,0,25,3,0,0,0,0,0
91,532,Shawnee Ward 1 Precinct 11,1122,350,463,309,44,17,27,0,0,0,0,0,15,2,0,0,17,8,1,0,1,0,0
91,533,Shawnee Ward 1 Precinct 12,12,3,4,5,0,0,0,0,0,0,0,0,0,0,0,0,0,0,0,0,0,0,0
91,534,Shawnee Ward 1 Precinct 13,860,263,383,214,68,24,44,0,0,0,0,1,23,0,0,0,35,7,1,0,1,0,0
91,535,Shawnee Ward 2 Precinct 01,771,261,240,270,41,19,22,0,0,1,0,1,16,1,0,0,16,4,0,0,2,0,0
91,536,Shawnee Ward 2 Precinct 02,1145,424,398,323,96,46,50,0,1,1,0,2,38,4,0,1,28,15,1,1,5,0,0
91,537,Shawnee Ward 2 Precinct 03,1332,533,360,439,71,36,35,0,0,4,0,0,29,3,0,0,24,7,3,0,1,0,0
91,538,Shawnee Ward 2 Precinct 04,1293,443,488,362,105,57,48,0,0,1,0,1,52,3,0,0,37,6,1,0,4,0,0
91,539,Shawnee Ward 2 Precinct 05,674,251,250,173,39,12,27,0,0,1,0,0,8,3,0,0,16,6,0,0,5,0,0
91,540,Shawnee Ward 2 Precinct 06,825,250,339,236,70,13,57,0,0,0,0,0,11,2,0,0,37,15,2,0,3,0,0
91,541,Shawnee Ward 2 Precinct 07,837,284,287,266,55,25,30,0,0,1,0,0,22,2,0,0,25,3,1,1,0,0,0
91,542,Shawnee Ward 2 Precinct 08,800,278,282,240,61,26,35,0,0,3,0,0,21,2,0,0,26,7,0,0,2,0,0
91,543,Shawnee Ward 2 Precinct 09,699,262,228,209,53,21,32,0,0,Redacted,Redacted,Redacted,Redacted,0,0,0,26,3,0,0,3,0,0
91,544,Shawnee Ward 2 Precinct 10,714,267,229,218,47,19,28,0,0,0,0,1,16,2,0,0,21,6,1,0,0,0,0
91,545,Shawnee Ward 2 Precinct 11,872,306,369,197,93,37,56,0,0,1,0,1,32,3,0,0,41,9,1,2,3,0,0
91,546,Shawnee Ward 2 Precinct 12,524,220,118,186,21,11,10,0,0,1,0,0,7,3,0,0,9,1,0,0,0,0,0
91,547,Shawnee Ward 2 Precinct 13,503,213,155,135,33,19,14,0,0,1,2,0,15,1,0,0,9,1,0,0,4,0,0
91,548,Shawnee Ward 3 Precinct 01,938,244,447,247,52,22,30,0,0,1,0,0,20,1,0,0,21,4,2,0,3,0,0
91,549,Shawnee Ward 3 Precinct 02,1040,330,438,272,47,17,30,0,0,2,0,0,15,0,0,0,19,4,2,0,5,0,0
91,550,Shawnee Ward 3 Precinct 03,1544,482,614,448,74,38,36,0,0,0,0,0,35,3,0,0,25,9,0,0,2,0,0
91,551,Shawnee Ward 3 Precinct 04,1492,411,707,374,61,18,43,0,0,0,0,0,17,1,0,0,30,5,3,0,5,0,0
91,552,Shawnee Ward 3 Precinct 05,131,21,87,23,7,0,7,0,0,0,0,0,0,0,0,0,5,2,0,0,0,0,0
91,553,Shawnee Ward 3 Precinct 06,1513,485,604,424,56,24,32,0,0,1,0,1,16,6,0,0,25,4,1,0,2,0,0
91,554,Shawnee Ward 3 Precinct 07,1844,546,787,511,137,30,107,0,0,1,0,2,25,2,0,0,85,15,3,0,4,0,0
91,555,Shawnee Ward 3 Precinct 08,1352,404,611,337,82,34,48,0,0,0,0,1,30,3,0,0,35,9,2,0,2,0,0
91,556,Shawnee Ward 3 Precinct 09,1510,395,703,412,77,36,41,0,0,3,1,1,29,2,0,0,32,8,1,0,0,0,0
91,557,Shawnee Ward 3 Precinct 10,914,255,455,204,38,10,28,0,0,0,0,0,8,2,0,0,20,3,2,0,3,0,0
91,558,Shawnee Ward 3 Precinct 11,1626,374,876,376,149,37,112,0,0,0,0,0,35,2,0,0,84,24,0,1,3,0,0
91,559,Shawnee Ward 3 Precinct 12,604,112,362,130,31,5,26,0,0,Redacted,Redacted,Redacted,Redacted,0,0,0,21,3,1,1,0,0,0
91,560,Shawnee Ward 4 Precinct 01,1329,465,542,322,107,29,78,0,0,0,1,0,27,1,0,0,48,21,0,1,8,0,0
91,561,Shawnee Ward 4 Precinct 02,887,295,308,284,62,15,47,0,0,1,0,1,13,0,0,0,34,9,1,1,2,0,0
91,562,Shawnee Ward 4 Precinct 03,619,238,171,210,47,22,25,0,0,1,0,0,17,4,0,0,22,2,0,0,1,0,0
91,563,Shawnee Ward 4 Precinct 04,904,358,180,366,23,8,15,0,0,1,0,0,7,0,0,0,11,2,1,0,1,0,0
91,564,Shawnee Ward 4 Precinct 05,1658,578,668,412,90,27,63,0,0,0,0,1,18,8,0,0,50,9,1,0,3,0,0
91,565,Shawnee Ward 4 Precinct 06,1098,378,438,282,78,29,49,0,0,2,0,0,25,2,0,0,30,12,5,0,2,0,0
91,566,Shawnee Ward 4 Precinct 07,1455,481,629,345,82,33,49,0,0,3,0,1,26,3,0,0,28,16,3,0,2,0,0
91,567,Shawnee Ward 4 Precinct 08,478,152,221,105,53,20,33,0,0,1,0,0,19,0,0,0,23,8,1,0,1,0,0
91,568,Shawnee Ward 4 Precinct 09,2043,608,935,500,185,78,107,0,0,2,2,1,72,1,0,0,85,13,4,0,5,0,0
91,569,Shawnee Ward 4 Precinct 10,0,0,0,0,0,0,0,0,0,0,0,0,0,0,0,0,0,0,0,0,0,0,0
91,570,Shawnee Ward 4 Precinct 11,982,372,262,348,36,14,22,0,0,1,0,0,10,3,0,0,18,4,0,0,0,0,0
91,571,Shawnee Ward 4 Precinct 12,242,74,109,59,22,7,15,0,0,0,1,0,5,1,0,0,11,2,1,0,1,0,0
91,572,Shawnee Ward 4 Precinct 13,269,68,150,51,19,6,13,0,0,Redacted,Redacted,Redacted,Redacted,0,0,0,11,0,1,1,0,0,0
91,573,Westwood Precinct 01,813,416,197,200,58,36,22,0,0,0,0,0,30,6,0,0,13,8,0,0,1,0,0
91,574,Westwood Precinct 02,653,302,192,159,29,19,10,0,0,Redacted,Redacted,Redacted,Redacted,0,0,0,2,5,1,0,2,0,0
91,575,Westwood Hills Precinct 01,327,138,110,79,22,11,11,0,0,0,0,0,9,2,0,0,4,6,1,0,0,0,0
91,576,Lake Quivira Precinct 01,918,212,530,176,79,28,51,0,0,1,1,0,26,0,0,0,22,22,1,1,5,0,0
91,577,Bonner Springs Ward 4 Precinct 01,0,0,0,0,0,0,0,0,0,0,0,0,0,0,0,0,0,0,0,0,0,0,0
91,ZZZ,COUNTY TOTALS,453077,147236,187872,117969,28706,11367,17339,0,13,287,88,109,9944,933,0,6,11708,3831,536,95,1162,0,7
