COUNTY NUMBER,PRECINCT CODE,PRECINCT NAME,REGISTERED VOTERS TOTAL,BALLOTS CAST TOTAL,BALLOTS CAST BLANK,Presidential Electors for President and Vice-President,Presidential Electors for President and Vice-President,Presidential Electors for President and Vice-President,Presidential Electors for President and Vice-President,Presidential Electors for President and Vice-President,Presidential Electors for President and Vice-President,Presidential Electors for President and Vice-President,United States Representative 2nd District,United States Representative 2nd District,United States Representative 2nd District,United States Representative 2nd District,United States Representative 2nd District,United States Representative 2nd District,United States Representative 3rd District,United States Representative 3rd District,United States Representative 3rd District,United States Representative 3rd District,United States Representative 3rd District,United States Representative 3rd District,State Senator 4th District,State Senator 4th District,State Senator 4th District,State Senator 4th District,State Senator 5th District,State Senator 5th District,State Senator 5th District,State Senator 5th District,State Senator 5th District,State Senator 6th District,State Senator 6th District,State Senator 6th District,State Senator 6th District,State Senator 6th District,State Senator 9th District,State Senator 9th District,State Senator 9th District,State Senator 9th District,State Senator 9th District,State Representative 31st District,State Representative 31st District,State Representative 31st District,State Representative 31st District,State Representative 31st District,State Representative 32nd District,State Representative 32nd District,State Representative 32nd District,State Representative 32nd District,State Representative 32nd District,State Representative 33rd District,State Representative 33rd District,State Representative 33rd District,State Representative 33rd District,State Representative 33rd District,State Representative 34th District,State Representative 34th District,State Representative 34th District,State Representative 34th District,State Representative 35th District,State Representative 35th District,State Representative 35th District,State Representative 35th District,State Representative 36th District,State Representative 36th District,State Representative 36th District,State Representative 36th District,State Representative 36th District,State Representative 37th District,State Representative 37th District,State Representative 37th District,State Representative 37th District,State Representative 37th District,State Representative 38th District,State Representative 38th District,State Representative 38th District,State Representative 38th District,State Representative 38th District,State Board of Education 2nd Member District,State Board of Education 2nd Member District,State Board of Education 2nd Member District,State Board of Education 2nd Member District,State Board of Education 2nd Member District,State Board of Education 2nd Member District,State Board of Education 4th Member District,State Board of Education 4th Member District,State Board of Education 4th Member District,State Board of Education 4th Member District,State Board of Education 4th Member District,29th District Court Judge Division 1,29th District Court Judge Division 1,29th District Court Judge Division 1,29th District Court Judge Division 1,29th District Court Judge Division 2,29th District Court Judge Division 2,29th District Court Judge Division 2,29th District Court Judge Division 2,29th District Court Judge Division 7,29th District Court Judge Division 7,29th District Court Judge Division 7,29th District Court Judge Division 7,29th District Court Judge Division 8,29th District Court Judge Division 8,29th District Court Judge Division 8,29th District Court Judge Division 8,29th District Court Judge Division 9,29th District Court Judge Division 9,29th District Court Judge Division 9,29th District Court Judge Division 9,29th District Court Judge Division 13,29th District Court Judge Division 13,29th District Court Judge Division 13,29th District Court Judge Division 13,29th District Court Judge Division 14,29th District Court Judge Division 14,29th District Court Judge Division 14,29th District Court Judge Division 14,29th District Court Judge Division 16,29th District Court Judge Division 16,29th District Court Judge Division 16,29th District Court Judge Division 16,District Attorney 29th Judicial District,District Attorney 29th Judicial District,District Attorney 29th Judicial District,District Attorney 29th Judicial District,Delaware Township Trustee Delaware Township,Delaware Township Trustee Delaware Township,Delaware Township Trustee Delaware Township,Delaware Township Treasurer Delaware Township,Delaware Township Treasurer Delaware Township,Delaware Township Treasurer Delaware Township,Court of Appeals No. 4 Sarah E. Warner,Court of Appeals No. 4 Sarah E. Warner,Court of Appeals No. 4 Sarah E. Warner,Court of Appeals No. 4 Sarah E. Warner,Court of Appeals No. 6 David E. Bruns,Court of Appeals No. 6 David E. Bruns,Court of Appeals No. 6 David E. Bruns,Court of Appeals No. 6 David E. Bruns,Court of Appeals No. 8 G. Gordon Atcheson,Court of Appeals No. 8 G. Gordon Atcheson,Court of Appeals No. 8 G. Gordon Atcheson,Court of Appeals No. 8 G. Gordon Atcheson,Court of Appeals No. 9 Karen Arnold-Burger,Court of Appeals No. 9 Karen Arnold-Burger,Court of Appeals No. 9 Karen Arnold-Burger,Court of Appeals No. 9 Karen Arnold-Burger,Court of Appeals No. 10 Rachel L. Pickering,Court of Appeals No. 10 Rachel L. Pickering,Court of Appeals No. 10 Rachel L. Pickering,Court of Appeals No. 10 Rachel L. Pickering,Court of Appeals No. 12 Angela D. Coble,Court of Appeals No. 12 Angela D. Coble,Court of Appeals No. 12 Angela D. Coble,Court of Appeals No. 12 Angela D. Coble,Court of Appeals No. 14 Kathryn Gardner,Court of Appeals No. 14 Kathryn Gardner,Court of Appeals No. 14 Kathryn Gardner,Court of Appeals No. 14 Kathryn Gardner,Unified School District No. 500,Unified School District No. 500,Unified School District No. 500,Unified School District No. 500,Edwardsville Question 1,Edwardsville Question 1,Edwardsville Question 1,Edwardsville Question 1,Edwardsville Question 2,Edwardsville Question 2,Edwardsville Question 2,Edwardsville Question 2
,,,,,,NON,NON,NON,NON,NON,NON,NON,NON,NON,NON,NON,NON,NON,NON,NON,NON,NON,NON,NON,NON,NON,NON,NON,NON,NON,NON,NON,NON,NON,NON,NON,NON,NON,NON,NON,NON,NON,NON,NON,NON,NON,NON,NON,NON,NON,NON,NON,NON,NON,NON,NON,NON,NON,NON,NON,NON,NON,NON,NON,NON,NON,NON,NON,NON,NON,NON,NON,NON,NON,NON,NON,NON,NON,NON,NON,NON,NON,NON,NON,NON,NON,NON,NON,NON,NON,NON,NON,NON,NON,NON,NON,NON,NON,NON,NON,NON,NON,NON,NON,NON,NON,NON,NON,NON,NON,NON,NON,NON,NON,NON,NON,NON,NON,NON,NON,NON,NON,NON,NON,NON,NON,NON,NON,NON,NON,NON,NON,NON,NON,NON,NON,NON,NON,NON,NON,NON,NON,NON,NON,NON,NON,NON,NON,NON,NON,NON,NON,NON,NON,NON,NON,NON,NON,NON,NON,NON,NON,NON,NON,NON,NON,NON,NON,NON,NON,NON,NON,NON,NON
,,,VOTERS,BALLOTS CAST,BALLOTS CAST,DEM Harris and Walz,ind Kennedy Jr. and Shanahan,LIB Oliver and ter Maat,REP Trump and Vance,Write-in,OVER VOTES,UNDER VOTES,DEM Nancy Boyda,LIB John Hauer,REP Derek Schmidt,Write-in,OVER VOTES,UNDER VOTES,DEM Sharice Davids,REP Prasanth Reddy,LIB Steve Roberts,Write-in,OVER VOTES,UNDER VOTES,DEM David Haley,Write-in,OVER VOTES,UNDER VOTES,REP Jeff Klemp,DEM Jeff Pittman,Write-in,OVER VOTES,UNDER VOTES,REP Tabitha S. Burt,DEM Pat Pettey,Write-in,OVER VOTES,UNDER VOTES,REP Beverly Gossage,DEM Norman Mallicoat,Write-in,OVER VOTES,UNDER VOTES,REP Dennis Grindel,DEM Louis E. Ruiz,Write-in,OVER VOTES,UNDER VOTES,DEM Pam Curtis,REP Joe Quinn,Write-in,OVER VOTES,UNDER VOTES,REP Mike Thompson,DEM Eli Woody,Write-in,OVER VOTES,UNDER VOTES,DEM Valdenia Winn,Write-in,OVER VOTES,UNDER VOTES,DEM Wanda Brownlee Paige,Write-in,OVER VOTES,UNDER VOTES,REP Mark S. Gilstrap,DEM Lynn Melton,Write-in,OVER VOTES,UNDER VOTES,REP Kevan Myers,DEM Melissa M. Oropeza,Write-in,OVER VOTES,UNDER VOTES,REP Timothy H. Johnson,DEM Richard Paz,Write-in,OVER VOTES,UNDER VOTES,ind Kiel Corkran,DEM Melanie Haas,REP Fred Postlewait,Write-in,OVER VOTES,UNDER VOTES,DEM Kris Meyer,REP Connie O'Brien,Write-in,OVER VOTES,UNDER VOTES,DEM Robert P. Burns,Write-in,OVER VOTES,UNDER VOTES,DEM Michael A. Russell,Write-in,OVER VOTES,UNDER VOTES,DEM Courtney Mikesic,Write-in,OVER VOTES,UNDER VOTES,DEM Jane Sieve Wilson,Write-in,OVER VOTES,UNDER VOTES,DEM Daniel Cahill,Write-in,OVER VOTES,UNDER VOTES,DEM Renee S. Henry,Write-in,OVER VOTES,UNDER VOTES,DEM Jennifer Orth Myers,Write-in,OVER VOTES,UNDER VOTES,DEM Constance M. Alvey,Write-in,OVER VOTES,UNDER VOTES,"DEM Mark A. Dupree, Sr.",Write-in,OVER VOTES,UNDER VOTES,Write-in,OVER VOTES,UNDER VOTES,Write-in,OVER VOTES,UNDER VOTES,Yes,No,OVER VOTES,UNDER VOTES,Yes,No,OVER VOTES,UNDER VOTES,Yes,No,OVER VOTES,UNDER VOTES,Yes,No,OVER VOTES,UNDER VOTES,Yes,No,OVER VOTES,UNDER VOTES,Yes,No,OVER VOTES,UNDER VOTES,Yes,No,OVER VOTES,UNDER VOTES,Yes,No,OVER VOTES,UNDER VOTES,Yes,No,OVER VOTES,UNDER VOTES,Yes,No,OVER VOTES,UNDER VOTES
,0001,BS01-01,1252,814,0,350,7,3,451,2,0,1,0,0,0,0,0,0,405,345,38,1,0,25,0,0,0,0,0,0,0,0,0,0,0,0,0,0,463,314,1,0,36,0,0,0,0,0,0,0,0,0,0,496,295,1,0,22,0,0,0,0,0,0,0,0,0,0,0,0,0,0,0,0,0,0,0,0,0,0,0,0,0,0,0,0,0,339,427,1,0,47,511,23,0,280,496,23,0,295,503,21,0,290,498,21,0,295,481,22,0,311,478,24,0,312,485,23,0,306,476,22,0,316,466,38,0,310,0,0,0,0,0,0,429,154,0,231,398,183,0,233,390,185,0,239,404,173,0,237,395,182,0,237,409,167,0,238,405,172,0,237,0,0,0,0,0,0,0,0,0,0,0,0
,0002,BS02-01,1082,640,0,258,10,1,366,4,0,1,0,0,0,0,0,0,290,303,31,3,0,13,0,0,0,0,0,0,0,0,0,0,0,0,0,0,378,231,1,0,30,0,0,0,0,0,0,0,0,0,0,406,213,1,0,20,0,0,0,0,0,0,0,0,0,0,0,0,0,0,0,0,0,0,0,0,0,0,0,0,0,0,0,0,0,253,346,1,0,40,356,24,0,260,353,20,0,267,356,20,1,263,352,20,0,268,348,17,0,275,346,15,0,279,351,16,0,273,351,13,0,276,338,28,0,274,0,0,0,0,0,0,316,134,0,190,301,143,0,196,289,149,0,202,285,153,0,202,283,150,0,207,287,147,0,206,296,142,0,202,0,0,0,0,0,0,0,0,0,0,0,0
,0003,BS03-01,1331,870,0,381,5,3,474,5,0,2,0,0,0,0,0,0,422,377,39,4,0,28,0,0,0,0,0,0,0,0,0,0,0,0,0,0,476,348,2,0,44,0,0,0,0,0,0,0,0,0,0,509,333,3,0,25,0,0,0,0,0,0,0,0,0,0,0,0,0,0,0,0,0,0,0,0,0,0,0,0,0,0,0,0,0,371,445,3,0,51,542,37,0,291,527,36,0,307,546,30,0,294,540,32,0,298,524,26,0,320,525,27,0,318,520,29,0,321,518,27,0,325,500,48,0,322,0,0,0,0,0,0,471,184,0,215,443,215,0,212,407,236,0,227,432,212,0,226,413,228,0,229,424,219,0,227,457,199,0,214,0,0,0,0,0,0,0,0,0,0,0,0
,0004,BS04-01,1656,1151,0,538,17,6,584,2,0,4,0,0,0,0,0,0,585,496,46,0,0,24,0,0,0,0,0,0,0,0,0,0,0,0,0,0,617,485,3,0,46,0,0,0,0,0,0,0,0,0,0,666,459,0,0,26,0,0,0,0,0,0,0,0,0,0,0,0,0,0,0,0,0,0,0,0,0,0,0,0,0,0,0,0,0,505,596,2,0,48,703,30,0,418,693,28,0,430,697,31,0,423,701,29,0,421,690,29,0,432,689,24,0,438,686,28,0,437,680,29,0,442,639,46,0,466,0,0,0,0,0,0,644,207,0,300,582,259,0,310,548,275,0,328,580,250,0,321,573,252,0,326,579,251,0,321,594,239,0,318,0,0,0,0,0,0,0,0,0,0,0,0
,0005,DW01-01,29,26,0,10,1,0,15,0,0,0,0,0,0,0,0,0,12,13,1,0,0,0,0,0,0,0,0,0,0,0,0,0,0,0,0,0,17,7,0,0,2,0,0,0,0,0,0,0,0,0,0,17,8,0,0,1,0,0,0,0,0,0,0,0,0,0,0,0,0,0,0,0,0,0,0,0,0,0,0,0,0,0,0,0,0,10,13,0,0,3,13,1,0,12,13,1,0,12,13,1,0,12,13,1,0,12,13,1,0,12,13,0,0,13,14,0,0,12,14,0,0,12,12,3,0,11,2,0,24,2,0,24,11,4,0,11,11,5,0,10,7,8,0,11,7,8,0,11,9,6,0,11,10,6,0,10,11,5,0,10,0,0,0,0,0,0,0,0,0,0,0,0
,0006,ED01-01,2663,1614,0,645,27,6,925,8,0,3,0,0,0,0,0,0,756,706,105,1,0,46,0,0,0,0,0,0,0,0,0,0,0,0,0,0,898,615,4,0,97,0,0,0,0,0,0,0,0,0,0,976,578,1,0,59,0,0,0,0,0,0,0,0,0,0,0,0,0,0,0,0,0,0,0,0,0,0,0,0,0,0,0,0,0,607,896,3,0,108,943,50,0,621,923,48,0,643,938,44,0,632,939,44,0,631,914,42,0,658,915,41,0,658,901,43,0,670,905,41,0,668,847,101,0,666,0,0,0,0,0,0,890,295,0,429,854,319,0,441,782,380,0,452,802,352,0,460,799,357,0,458,795,361,0,458,856,301,0,457,0,0,0,0,987,557,0,70,874,671,0,69
,0007,ED02-01,409,246,0,99,6,0,139,2,0,0,0,0,0,0,0,0,115,112,16,1,0,2,0,0,0,0,0,0,0,0,0,0,0,0,0,0,140,92,2,0,12,0,0,0,0,0,0,0,0,0,0,151,87,1,0,7,0,0,0,0,0,0,0,0,0,0,0,0,0,0,0,0,0,0,0,0,0,0,0,0,0,0,0,0,0,89,140,1,0,16,138,11,0,97,133,12,0,101,135,10,0,101,133,10,0,103,128,10,0,108,126,10,0,110,124,8,0,114,123,10,0,113,119,17,0,110,0,0,0,0,0,0,119,43,0,84,116,46,0,84,110,51,0,85,114,47,0,85,110,50,0,86,107,51,0,88,105,52,0,89,0,0,0,0,135,92,0,19,114,113,0,19
,0008,ED02-02,10,5,0,Redacted,Redacted,Redacted,Redacted,Redacted,Redacted,Redacted,Redacted,Redacted,Redacted,Redacted,Redacted,Redacted,Redacted,Redacted,Redacted,Redacted,Redacted,Redacted,Redacted,Redacted,Redacted,Redacted,Redacted,Redacted,Redacted,Redacted,Redacted,Redacted,Redacted,Redacted,Redacted,Redacted,Redacted,Redacted,Redacted,Redacted,Redacted,Redacted,Redacted,Redacted,Redacted,Redacted,Redacted,Redacted,Redacted,Redacted,Redacted,Redacted,Redacted,Redacted,Redacted,Redacted,Redacted,Redacted,Redacted,Redacted,Redacted,Redacted,Redacted,Redacted,Redacted,Redacted,Redacted,Redacted,Redacted,Redacted,Redacted,Redacted,Redacted,Redacted,Redacted,Redacted,Redacted,Redacted,Redacted,Redacted,Redacted,Redacted,Redacted,Redacted,Redacted,Redacted,Redacted,Redacted,Redacted,Redacted,Redacted,Redacted,Redacted,Redacted,Redacted,Redacted,Redacted,Redacted,Redacted,Redacted,Redacted,Redacted,Redacted,Redacted,Redacted,Redacted,Redacted,Redacted,Redacted,Redacted,Redacted,Redacted,Redacted,Redacted,Redacted,Redacted,Redacted,Redacted,Redacted,Redacted,Redacted,Redacted,Redacted,Redacted,Redacted,Redacted,Redacted,Redacted,Redacted,Redacted,Redacted,Redacted,Redacted,Redacted,Redacted,Redacted,Redacted,Redacted,Redacted,Redacted,Redacted,Redacted,Redacted,Redacted,Redacted,Redacted,Redacted,Redacted,Redacted,Redacted,Redacted,Redacted,Redacted,Redacted,Redacted,Redacted,Redacted,Redacted,Redacted,Redacted,Redacted,Redacted,Redacted,Redacted,Redacted,Redacted,Redacted,Redacted,Redacted,Redacted,Redacted,Redacted
,0009,KC01-01,324,87,0,73,1,0,12,1,0,0,70,4,8,0,0,5,0,0,0,0,0,0,77,2,0,8,0,0,0,0,0,0,0,0,0,0,0,0,0,0,0,0,0,0,0,0,0,0,0,0,0,0,0,0,0,0,0,0,0,0,76,2,0,9,0,0,0,0,0,0,0,0,0,0,0,0,0,0,0,0,66,10,0,0,11,0,0,0,0,0,72,2,0,13,72,1,0,14,71,2,0,14,72,3,0,12,70,2,0,15,71,3,0,13,71,2,0,14,70,2,0,15,76,2,0,9,0,0,0,0,0,0,53,9,0,25,41,22,0,24,45,17,0,25,45,18,0,24,46,17,0,24,46,17,0,24,42,21,0,24,49,34,0,4,0,0,0,0,0,0,0,0
,0010,KC01-02,360,133,0,114,0,1,16,0,0,2,110,3,9,1,0,10,0,0,0,0,0,0,118,0,0,15,0,0,0,0,0,0,0,0,0,0,0,0,0,0,0,0,0,0,0,0,0,0,0,0,0,0,0,0,0,0,0,0,0,0,117,0,0,16,0,0,0,0,0,0,0,0,0,0,0,0,0,0,0,3,104,13,0,0,13,0,0,0,0,0,106,0,0,27,107,1,0,25,107,1,0,25,109,0,0,24,106,0,0,27,107,1,0,25,106,0,0,27,103,0,0,30,114,5,0,14,0,0,0,0,0,0,62,25,0,46,61,27,0,45,64,22,0,47,66,19,0,48,67,18,0,48,71,16,0,46,67,21,0,45,83,42,0,8,0,0,0,0,0,0,0,0
,0011,KC01-03,250,146,0,108,4,1,31,2,0,0,106,7,27,1,0,5,0,0,0,0,0,0,106,7,0,33,0,0,0,0,0,0,0,0,0,0,0,0,0,0,0,0,0,0,0,0,113,28,0,0,5,0,0,0,0,0,0,0,0,0,0,0,0,0,0,0,0,0,0,0,0,0,0,0,0,0,0,0,0,8,100,29,0,0,9,0,0,0,0,0,111,2,0,33,117,2,0,27,116,2,0,28,114,2,0,30,115,2,0,29,114,2,0,30,116,2,0,28,116,2,0,28,96,12,0,38,0,0,0,0,0,0,84,23,0,39,74,32,0,40,76,30,0,40,78,28,0,40,81,25,0,40,82,25,0,39,74,32,0,40,106,33,0,7,0,0,0,0,0,0,0,0
,0012,KC01-04,0,0,0,0,0,0,0,0,0,0,0,0,0,0,0,0,0,0,0,0,0,0,0,0,0,0,0,0,0,0,0,0,0,0,0,0,0,0,0,0,0,0,0,0,0,0,0,0,0,0,0,0,0,0,0,0,0,0,0,0,0,0,0,0,0,0,0,0,0,0,0,0,0,0,0,0,0,0,0,0,0,0,0,0,0,0,0,0,0,0,0,0,0,0,0,0,0,0,0,0,0,0,0,0,0,0,0,0,0,0,0,0,0,0,0,0,0,0,0,0,0,0,0,0,0,0,0,0,0,0,0,0,0,0,0,0,0,0,0,0,0,0,0,0,0,0,0,0,0,0,0,0,0,0,0,0,0,0,0,0,0,0,0,0,0,0,0,0,0,0,0,0
,0013,KC01-05,0,0,0,0,0,0,0,0,0,0,0,0,0,0,0,0,0,0,0,0,0,0,0,0,0,0,0,0,0,0,0,0,0,0,0,0,0,0,0,0,0,0,0,0,0,0,0,0,0,0,0,0,0,0,0,0,0,0,0,0,0,0,0,0,0,0,0,0,0,0,0,0,0,0,0,0,0,0,0,0,0,0,0,0,0,0,0,0,0,0,0,0,0,0,0,0,0,0,0,0,0,0,0,0,0,0,0,0,0,0,0,0,0,0,0,0,0,0,0,0,0,0,0,0,0,0,0,0,0,0,0,0,0,0,0,0,0,0,0,0,0,0,0,0,0,0,0,0,0,0,0,0,0,0,0,0,0,0,0,0,0,0,0,0,0,0,0,0,0,0,0,0
,0014,KC02-01,493,231,0,174,2,1,52,0,0,2,160,18,41,0,0,12,0,0,0,0,0,0,186,1,0,44,0,0,0,0,0,0,0,0,0,0,0,0,0,0,0,0,0,0,0,0,0,0,0,0,0,0,0,0,0,0,0,0,0,0,186,1,0,44,0,0,0,0,0,0,0,0,0,0,0,0,0,0,0,9,151,51,0,0,20,0,0,0,0,0,179,4,0,48,180,2,0,49,179,3,1,48,178,2,0,51,175,2,0,54,180,2,0,49,179,2,0,50,176,3,0,52,182,6,0,43,0,0,0,0,0,0,135,49,0,47,130,53,0,48,123,54,0,54,136,44,0,51,137,43,0,51,140,39,0,52,140,42,0,49,162,49,0,20,0,0,0,0,0,0,0,0
,0015,KC02-02,353,164,0,150,2,1,11,0,0,0,132,6,13,0,0,13,0,0,0,0,0,0,139,2,0,23,0,0,0,0,0,0,0,0,0,0,0,0,0,0,0,0,0,0,0,0,0,0,0,0,0,0,0,0,0,0,0,0,0,0,138,2,0,24,0,0,0,0,0,0,0,0,0,0,0,0,0,0,0,4,123,20,0,0,17,0,0,0,0,0,133,1,0,30,132,1,0,31,134,1,0,29,136,1,0,27,133,1,0,30,135,1,0,28,126,2,0,36,130,2,0,32,135,3,0,26,0,0,0,0,0,0,96,27,0,41,91,31,0,42,88,31,0,45,93,28,0,43,97,24,0,43,97,24,0,43,98,25,0,41,115,38,0,11,0,0,0,0,0,0,0,0
,0016,KC02-03,88,34,0,28,0,1,5,0,0,0,21,4,2,0,0,7,0,0,0,0,0,0,25,0,0,9,0,0,0,0,0,0,0,0,0,0,0,0,0,0,0,0,0,0,0,0,0,0,0,0,0,0,0,0,0,0,0,0,0,0,26,0,0,8,0,0,0,0,0,0,0,0,0,0,0,0,0,0,0,1,18,5,0,0,10,0,0,0,0,0,23,0,0,11,26,0,0,8,24,0,0,10,22,0,0,12,22,0,0,12,23,0,0,11,20,0,0,14,20,0,0,14,23,0,0,11,0,0,0,0,0,0,18,5,0,11,20,5,0,9,18,5,0,11,18,4,0,12,16,6,0,12,19,3,0,12,16,7,0,11,24,5,0,5,0,0,0,0,0,0,0,0
,0017,KC02-04,475,161,0,136,0,0,24,1,0,0,127,8,15,1,0,10,0,0,0,0,0,0,144,1,1,15,0,0,0,0,0,0,0,0,0,0,0,0,0,0,0,0,0,0,0,0,0,0,0,0,0,0,0,0,0,0,141,0,0,20,0,0,0,0,0,0,0,0,0,0,0,0,0,0,0,0,0,0,0,7,122,21,0,0,11,0,0,0,0,0,131,1,0,29,127,2,0,32,129,1,0,31,131,1,0,29,128,1,0,32,130,2,0,29,126,2,0,33,128,2,0,31,132,3,1,25,0,0,0,0,0,0,88,25,0,48,85,29,0,47,84,29,0,48,81,30,0,50,88,23,0,50,89,23,0,49,89,23,0,49,103,45,0,13,0,0,0,0,0,0,0,0
,0018,KC02-05,672,207,0,170,4,0,31,1,1,0,157,13,21,1,0,15,0,0,0,0,0,0,172,4,0,31,0,0,0,0,0,0,0,0,0,0,0,0,0,0,0,0,0,0,0,0,0,0,0,0,0,0,0,0,0,0,167,5,0,35,0,0,0,0,0,0,0,0,0,0,0,0,0,0,0,0,0,0,0,10,152,27,0,0,18,0,0,0,0,0,164,3,0,40,163,3,0,41,168,3,0,36,167,3,0,37,160,5,0,42,162,3,0,42,157,4,1,45,161,5,0,41,162,6,0,39,0,0,0,0,0,0,118,32,0,57,103,45,0,59,107,36,0,64,111,32,0,64,112,33,0,62,113,28,0,66,106,37,0,64,136,48,0,23,0,0,0,0,0,0,0,0
,0019,KC02-06,25,10,0,8,1,0,1,0,0,0,8,0,2,0,0,0,0,0,0,0,0,0,9,0,0,1,0,0,0,0,0,0,0,0,0,0,0,0,0,0,0,0,0,0,0,0,0,0,0,0,0,0,0,0,0,0,0,0,0,0,9,0,0,1,0,0,0,0,0,0,0,0,0,0,0,0,0,0,0,0,5,3,0,0,2,0,0,0,0,0,7,0,0,3,8,0,0,2,8,0,0,2,8,0,0,2,8,0,0,2,8,0,0,2,7,0,0,3,7,0,0,3,9,0,0,1,0,0,0,0,0,0,4,2,0,4,4,2,0,4,2,2,0,6,4,1,0,5,3,1,0,6,4,1,0,5,3,1,0,6,7,3,0,0,0,0,0,0,0,0,0,0
,0020,KC02-07,1,1,0,Redacted,Redacted,Redacted,Redacted,Redacted,Redacted,Redacted,Redacted,Redacted,Redacted,Redacted,Redacted,Redacted,Redacted,Redacted,Redacted,Redacted,Redacted,Redacted,Redacted,Redacted,Redacted,Redacted,Redacted,Redacted,Redacted,Redacted,Redacted,Redacted,Redacted,Redacted,Redacted,Redacted,Redacted,Redacted,Redacted,Redacted,Redacted,Redacted,Redacted,Redacted,Redacted,Redacted,Redacted,Redacted,Redacted,Redacted,Redacted,Redacted,Redacted,Redacted,Redacted,Redacted,Redacted,Redacted,Redacted,Redacted,Redacted,Redacted,Redacted,Redacted,Redacted,Redacted,Redacted,Redacted,Redacted,Redacted,Redacted,Redacted,Redacted,Redacted,Redacted,Redacted,Redacted,Redacted,Redacted,Redacted,Redacted,Redacted,Redacted,Redacted,Redacted,Redacted,Redacted,Redacted,Redacted,Redacted,Redacted,Redacted,Redacted,Redacted,Redacted,Redacted,Redacted,Redacted,Redacted,Redacted,Redacted,Redacted,Redacted,Redacted,Redacted,Redacted,Redacted,Redacted,Redacted,Redacted,Redacted,Redacted,Redacted,Redacted,Redacted,Redacted,Redacted,Redacted,Redacted,Redacted,Redacted,Redacted,Redacted,Redacted,Redacted,Redacted,Redacted,Redacted,Redacted,Redacted,Redacted,Redacted,Redacted,Redacted,Redacted,Redacted,Redacted,Redacted,Redacted,Redacted,Redacted,Redacted,Redacted,Redacted,Redacted,Redacted,Redacted,Redacted,Redacted,Redacted,Redacted,Redacted,Redacted,Redacted,Redacted,Redacted,Redacted,Redacted,Redacted,Redacted,Redacted,Redacted,Redacted,Redacted,Redacted,Redacted,Redacted,Redacted,Redacted,Redacted,Redacted,Redacted
,0021,KC03-01,950,370,0,318,3,3,43,2,0,1,289,21,34,0,0,26,0,0,0,0,0,0,320,4,0,46,0,0,0,0,0,0,0,0,0,0,0,0,0,0,0,0,0,0,0,0,0,0,0,0,0,0,0,0,0,0,0,0,0,0,324,4,0,42,0,0,0,0,0,0,0,0,0,0,0,0,0,0,0,14,274,47,0,0,35,0,0,0,0,0,298,3,0,69,298,5,0,67,302,2,0,66,299,4,0,67,300,2,0,68,304,3,0,63,295,2,0,73,290,4,0,76,306,8,0,56,0,0,0,0,0,0,219,57,0,94,200,73,0,97,191,74,0,105,209,59,0,102,212,54,0,104,215,59,0,96,202,67,0,101,233,103,0,34,0,0,0,0,0,0,0,0
,0022,KC03-02,957,384,0,329,8,0,40,3,1,3,291,24,34,1,0,34,0,0,0,0,0,0,327,9,0,48,0,0,0,0,0,0,0,0,0,0,0,0,0,0,0,0,0,0,0,0,0,0,0,0,0,0,0,0,0,0,0,0,0,0,329,11,0,44,0,0,0,0,0,0,0,0,0,0,0,0,0,0,0,11,290,40,0,0,43,0,0,0,0,0,315,5,0,64,307,7,0,70,311,9,0,64,306,8,0,70,304,8,0,72,306,7,0,71,299,9,0,76,300,8,0,76,315,8,0,61,0,0,0,0,0,0,224,68,0,92,220,74,0,90,213,76,1,94,218,71,0,95,229,58,0,97,227,62,0,95,230,55,0,99,257,94,0,33,0,0,0,0,0,0,0,0
,0023,KC03-03,181,69,0,63,1,0,4,0,0,1,55,3,5,1,0,5,0,0,0,0,0,0,63,1,0,5,0,0,0,0,0,0,0,0,0,0,0,0,0,0,0,0,0,0,0,0,0,0,0,0,0,0,0,0,0,0,0,0,0,0,63,0,0,6,0,0,0,0,0,0,0,0,0,0,0,0,0,0,0,3,58,2,0,0,6,0,0,0,0,0,59,1,0,9,59,1,0,9,61,0,0,8,61,0,0,8,61,0,0,8,59,1,0,9,60,0,0,9,57,1,0,11,63,0,0,6,0,0,0,0,0,0,38,11,0,20,30,19,0,20,29,17,0,23,29,18,0,22,32,12,0,25,32,15,0,22,36,11,0,22,52,14,0,3,0,0,0,0,0,0,0,0
,0024,KC03-04,686,251,0,219,4,1,27,0,0,0,190,13,17,0,0,31,0,0,0,0,0,0,220,1,0,30,0,0,0,0,0,0,0,0,0,0,0,0,0,0,0,0,0,0,0,0,0,0,0,0,0,0,0,0,0,0,211,3,0,37,0,0,0,0,0,0,0,0,0,0,0,0,0,0,0,0,0,0,0,7,195,25,0,0,24,0,0,0,0,0,206,1,0,44,200,2,0,49,207,1,0,43,204,1,0,46,197,2,0,52,204,1,0,46,200,1,0,50,201,1,0,49,209,5,0,37,0,0,0,0,0,0,144,38,0,69,138,38,0,75,138,40,0,73,141,38,0,72,139,41,0,71,150,31,0,70,139,39,0,73,160,66,0,25,0,0,0,0,0,0,0,0
,0025,KC03-05,52,21,0,20,0,0,1,0,0,0,13,3,1,0,0,4,0,0,0,0,0,0,17,0,0,4,0,0,0,0,0,0,0,0,0,0,0,0,0,0,0,0,0,0,0,0,0,0,0,0,0,0,0,0,0,0,0,0,0,0,15,0,0,6,0,0,0,0,0,0,0,0,0,0,0,0,0,0,0,1,9,4,1,0,6,0,0,0,0,0,16,0,0,5,15,0,0,6,16,1,0,4,16,1,0,4,15,1,0,5,15,0,0,6,14,1,0,6,16,1,0,4,17,0,0,4,0,0,0,0,0,0,10,3,0,8,9,5,0,7,9,4,0,8,8,4,0,9,10,3,0,8,10,3,0,8,7,4,0,10,12,7,0,2,0,0,0,0,0,0,0,0
,0026,KC04-01,863,371,0,268,6,1,88,5,1,2,257,22,77,0,1,14,0,0,0,0,0,0,290,5,0,76,0,0,0,0,0,0,0,0,0,0,0,0,0,0,0,0,0,0,0,0,274,82,0,0,15,0,0,0,0,0,0,0,0,0,0,0,0,0,0,0,0,0,0,0,0,0,0,0,0,0,0,0,0,20,247,84,1,0,19,0,0,0,0,0,306,4,0,61,298,4,0,69,297,6,0,68,296,6,0,69,298,4,0,69,298,5,0,68,298,4,0,69,298,4,0,69,275,12,0,84,0,0,0,0,0,0,216,74,0,81,197,94,0,80,198,88,0,85,202,86,0,83,208,77,0,86,208,76,0,87,197,89,0,85,265,83,0,23,0,0,0,0,0,0,0,0
,0027,KC04-02,364,140,0,106,0,1,31,1,0,1,103,6,23,0,0,8,0,0,0,0,0,0,117,0,0,23,0,0,0,0,0,0,0,0,0,0,0,0,0,0,0,0,0,0,0,0,108,24,0,0,8,0,0,0,0,0,0,0,0,0,0,0,0,0,0,0,0,0,0,0,0,0,0,0,0,0,0,0,0,6,99,26,1,0,8,0,0,0,0,0,112,2,0,26,114,0,0,26,117,0,0,23,115,1,0,24,112,1,0,27,108,1,0,31,112,2,0,26,113,0,0,27,108,2,0,30,0,0,0,0,0,0,85,25,0,30,78,33,0,29,85,24,0,31,80,29,0,31,84,25,0,31,86,22,0,32,84,25,0,31,99,30,0,11,0,0,0,0,0,0,0,0
,0028,KC04-03,616,249,1,157,1,0,84,3,0,4,143,9,58,0,0,39,0,0,0,0,0,0,162,3,0,84,0,0,0,0,0,0,0,0,0,0,0,0,0,0,0,0,0,0,0,0,159,59,1,0,30,0,0,0,0,0,0,0,0,0,0,0,0,0,0,0,0,0,0,0,0,0,0,0,0,0,0,0,0,15,136,58,0,0,40,0,0,0,0,0,167,3,0,79,163,4,0,82,166,4,0,79,162,1,0,86,167,3,0,79,160,2,0,87,166,2,0,81,162,2,0,85,151,5,0,93,0,0,0,0,0,0,123,32,0,94,100,54,0,95,102,48,0,99,104,44,0,101,109,39,0,101,117,34,0,98,116,36,0,97,147,58,0,44,0,0,0,0,0,0,0,0
,0029,KC04-04,984,492,0,327,8,2,149,5,0,1,311,25,124,0,0,32,0,0,0,0,0,0,0,0,0,0,0,0,0,0,0,129,330,0,0,33,0,0,0,0,0,0,0,0,0,0,344,116,1,0,31,0,0,0,0,0,0,0,0,0,0,0,0,0,0,0,0,0,0,0,0,0,0,0,0,0,0,0,0,25,303,121,1,0,42,0,0,0,0,0,377,8,0,107,359,9,0,124,367,10,0,115,370,10,0,112,355,8,0,129,347,8,0,137,368,9,0,115,352,12,0,128,309,16,1,166,0,0,0,0,0,0,289,83,0,120,255,113,0,124,256,101,0,135,274,88,0,130,269,90,0,133,270,88,0,134,265,97,0,130,308,152,0,32,0,0,0,0,0,0,0,0
,0030,KC05-01,975,416,0,302,6,4,101,2,0,1,298,22,76,1,1,18,0,0,0,0,0,0,0,0,0,0,0,0,0,0,0,97,302,0,0,17,0,0,0,0,0,0,0,0,0,0,306,86,1,0,23,0,0,0,0,0,0,0,0,0,0,0,0,0,0,0,0,0,0,0,0,0,0,0,0,0,0,0,0,26,281,90,0,0,19,0,0,0,0,0,332,4,0,80,322,6,0,88,321,4,0,91,326,3,0,87,323,3,0,90,322,4,0,90,323,2,0,91,319,4,0,93,307,14,0,95,0,0,0,0,0,0,252,73,0,91,228,96,0,92,224,95,0,97,241,84,0,91,248,74,0,94,244,79,0,93,240,85,0,91,289,93,0,34,0,0,0,0,0,0,0,0
,0031,KC05-02,506,161,0,106,1,2,47,4,1,0,99,4,45,0,1,12,0,0,0,0,0,0,0,0,0,0,0,0,0,0,0,46,102,1,1,11,0,0,0,0,0,0,0,0,0,0,107,39,0,1,14,0,0,0,0,0,0,0,0,0,0,0,0,0,0,0,0,0,0,0,0,0,0,0,0,0,0,0,0,11,90,43,1,2,14,0,0,0,0,0,112,2,1,46,111,2,1,47,106,2,0,53,107,2,1,51,108,2,0,51,108,2,0,51,109,2,0,50,107,2,0,52,102,4,0,55,0,0,0,0,0,0,96,27,0,38,80,42,0,39,76,41,0,44,84,33,1,43,86,34,0,41,92,27,0,42,94,26,0,41,106,38,0,17,0,0,0,0,0,0,0,0
,0032,KC05-03,470,148,0,95,0,2,48,2,0,1,87,12,38,1,0,10,0,0,0,0,0,0,0,0,0,0,0,0,0,0,0,46,91,1,0,10,0,0,0,0,0,0,0,0,0,0,93,44,1,0,10,0,0,0,0,0,0,0,0,0,0,0,0,0,0,0,0,0,0,0,0,0,0,0,0,0,0,0,0,10,81,42,1,0,14,0,0,0,0,0,112,1,0,35,112,1,0,35,109,1,0,38,107,1,0,40,107,1,0,40,103,1,0,44,103,1,0,44,102,2,0,44,97,2,0,49,0,0,0,0,0,0,92,21,1,34,79,34,0,35,80,32,0,36,85,26,0,37,90,22,1,35,92,20,0,36,91,22,0,35,100,32,0,16,0,0,0,0,0,0,0,0
,0033,KC05-04,528,198,0,128,0,1,66,1,2,0,126,9,48,0,2,13,0,0,0,0,0,0,0,0,0,0,0,0,0,0,0,60,126,0,1,11,0,0,0,0,0,0,0,0,0,0,126,57,0,0,15,0,0,0,0,0,0,0,0,0,0,0,0,0,0,0,0,0,0,0,0,0,0,0,0,0,0,0,0,7,123,50,0,2,16,0,0,0,0,0,141,6,0,51,138,7,0,53,138,5,0,55,140,8,0,50,136,5,0,57,133,6,0,59,133,6,0,59,130,5,1,62,131,6,0,61,0,0,0,0,0,0,99,37,1,61,97,40,0,61,95,44,0,59,104,33,0,61,97,42,0,59,106,29,0,63,99,39,0,60,130,46,0,22,0,0,0,0,0,0,0,0
,0034,KC05-05,537,217,0,144,1,0,69,2,0,1,137,7,56,0,0,17,0,0,0,0,0,0,0,0,0,0,0,0,0,0,0,60,142,0,1,14,0,0,0,0,0,0,0,0,0,0,147,54,1,0,15,0,0,0,0,0,0,0,0,0,0,0,0,0,0,0,0,0,0,0,0,0,0,0,0,0,0,0,0,3,135,59,0,0,20,0,0,0,0,0,162,5,0,50,157,5,0,55,155,5,0,57,157,5,0,55,152,5,0,60,151,5,0,61,152,5,0,60,151,5,0,61,138,12,0,67,0,0,0,0,0,0,112,31,0,74,103,41,0,73,104,40,0,73,104,39,0,74,107,33,0,77,111,28,0,78,101,38,0,78,153,47,0,17,0,0,0,0,0,0,0,0
,0035,KC06-01,622,246,0,154,2,2,88,0,0,0,148,10,72,1,0,15,0,0,0,0,0,0,0,0,0,0,0,0,0,0,0,75,155,0,0,16,0,0,0,0,0,0,0,0,0,0,0,0,0,0,0,0,0,0,0,0,0,0,0,0,0,0,0,0,0,0,0,0,0,57,172,1,0,16,0,0,0,0,0,9,140,79,1,0,17,0,0,0,0,0,179,9,0,58,175,8,0,63,177,6,0,63,175,6,0,65,170,7,0,69,168,7,0,71,174,5,0,67,176,6,0,64,165,10,0,71,0,0,0,0,0,0,134,44,0,68,119,57,0,70,122,53,0,71,127,45,1,73,141,37,0,68,140,37,0,69,135,40,0,71,155,64,0,27,0,0,0,0,0,0,0,0
,0036,KC06-02,261,95,0,54,1,0,38,1,0,1,51,4,35,0,0,5,0,0,0,0,0,0,0,0,0,0,0,0,0,0,0,41,48,0,1,5,0,0,0,0,0,0,0,0,0,0,0,0,0,0,0,0,0,0,0,0,0,0,0,0,0,0,0,0,0,0,0,0,0,34,54,0,0,7,0,0,0,0,0,4,51,34,0,0,6,0,0,0,0,0,64,4,0,27,64,4,0,27,61,3,0,31,61,3,0,31,62,2,0,31,60,2,0,33,61,2,0,32,59,2,0,34,57,3,0,35,0,0,0,0,0,0,52,17,0,26,43,25,0,27,40,27,0,28,42,23,1,29,45,21,1,28,44,22,0,29,51,17,0,27,62,22,0,11,0,0,0,0,0,0,0,0
,0037,KC07-01,568,314,0,182,2,0,125,5,0,0,0,0,0,0,0,0,204,84,16,1,0,9,0,0,0,0,0,0,0,0,0,105,195,1,0,13,0,0,0,0,0,100,195,2,0,17,0,0,0,0,0,0,0,0,0,0,0,0,0,0,0,0,0,0,0,0,0,0,0,0,0,0,0,0,0,0,0,0,0,17,163,115,1,0,18,0,0,0,0,0,222,14,0,78,216,11,0,87,221,10,0,83,218,12,0,84,207,13,0,94,209,10,0,95,205,11,0,98,209,9,0,96,207,13,0,94,0,0,0,0,0,0,178,44,0,92,145,70,1,98,160,55,0,99,167,50,0,97,165,49,0,100,163,52,0,99,149,64,0,101,216,70,0,28,0,0,0,0,0,0,0,0
,0038,KC07-02,477,247,0,177,3,0,64,3,0,0,0,0,0,0,0,0,187,46,4,0,0,10,0,0,0,0,0,0,0,0,0,65,169,0,0,13,0,0,0,0,0,63,168,0,0,16,0,0,0,0,0,0,0,0,0,0,0,0,0,0,0,0,0,0,0,0,0,0,0,0,0,0,0,0,0,0,0,0,0,9,159,59,0,0,20,0,0,0,0,0,184,4,0,59,185,4,0,58,184,4,0,59,186,3,0,58,188,4,0,55,190,4,0,53,189,4,0,54,185,4,0,58,182,9,0,56,0,0,0,0,0,0,147,40,0,60,133,53,0,61,135,51,0,61,143,41,0,63,142,43,0,62,144,41,0,62,140,45,0,62,164,69,0,14,0,0,0,0,0,0,0,0
,0039,KC07-03,626,332,0,229,3,2,93,1,1,3,0,0,0,0,0,0,250,61,12,0,0,9,0,0,0,0,0,0,0,0,0,78,233,0,0,21,0,0,0,0,0,80,232,1,0,19,0,0,0,0,0,0,0,0,0,0,0,0,0,0,0,0,0,0,0,0,0,0,0,0,0,0,0,0,0,0,0,0,0,16,212,86,0,0,18,0,0,0,0,0,254,6,0,72,251,5,0,76,245,6,0,81,250,5,0,77,241,5,0,86,241,5,0,86,244,4,0,84,243,5,0,84,228,11,0,93,0,0,0,0,0,0,179,74,0,79,165,84,0,83,172,82,0,78,178,74,0,80,177,71,0,84,180,72,0,80,180,72,0,80,216,89,0,27,0,0,0,0,0,0,0,0
,0040,KC07-04,958,562,0,279,5,2,272,2,0,2,0,0,0,0,0,0,332,182,23,3,0,22,0,0,0,0,0,0,0,0,0,229,304,2,0,27,0,0,0,0,0,0,0,0,0,0,0,0,0,0,0,0,0,0,0,0,0,0,0,0,0,0,0,0,0,0,0,0,0,212,315,1,0,34,0,0,0,0,0,23,271,219,3,0,46,0,0,0,0,0,355,22,0,185,351,20,0,191,365,19,0,178,351,20,0,191,345,20,0,197,338,20,0,204,340,19,1,202,356,19,0,187,316,36,0,210,0,0,0,0,0,0,278,113,0,171,265,122,0,175,261,120,0,181,266,117,0,179,262,121,0,179,268,114,0,180,265,120,0,177,5,1,0,0,0,0,0,0,0,0,0,0
,0041,KC07-05,228,99,0,66,1,0,32,0,0,0,0,0,0,0,0,0,67,22,7,0,0,3,0,0,0,0,0,0,0,0,0,33,61,0,0,5,0,0,0,0,0,30,62,0,0,7,0,0,0,0,0,0,0,0,0,0,0,0,0,0,0,0,0,0,0,0,0,0,0,0,0,0,0,0,0,0,0,0,0,2,58,32,0,0,7,0,0,0,0,0,74,7,0,18,74,6,0,19,73,6,0,20,74,6,0,19,73,5,0,21,72,6,0,21,71,5,0,23,73,6,0,20,69,4,0,26,0,0,0,0,0,0,56,17,0,26,57,15,0,27,56,16,0,27,50,22,0,27,55,17,0,27,52,20,0,27,53,19,0,27,71,21,0,7,0,0,0,0,0,0,0,0
,0042,KC07-06,1154,581,0,380,9,6,183,1,0,2,0,0,0,0,0,0,416,136,17,1,0,11,0,0,0,0,0,0,0,0,0,164,392,0,0,25,0,0,0,0,0,151,399,2,0,29,0,0,0,0,0,0,0,0,0,0,0,0,0,0,0,0,0,0,0,0,0,0,0,0,0,0,0,0,0,0,0,0,0,35,342,172,1,0,31,0,0,0,0,0,422,16,0,143,419,18,0,144,421,15,0,145,420,17,0,144,409,15,0,157,403,14,0,164,402,16,0,163,399,15,0,167,381,24,0,176,0,0,0,0,0,0,350,99,0,132,323,120,0,138,326,112,1,142,340,101,0,140,334,103,0,144,336,100,0,145,339,101,0,141,361,124,0,35,0,0,0,0,0,0,0,0
,0043,KC07-07,516,181,0,120,4,1,51,2,1,2,0,0,0,0,0,0,125,39,7,1,1,8,0,0,0,0,0,0,0,0,0,53,120,0,1,7,0,0,0,0,0,55,116,0,1,9,0,0,0,0,0,0,0,0,0,0,0,0,0,0,0,0,0,0,0,0,0,0,0,0,0,0,0,0,0,0,0,0,0,13,109,49,0,0,10,0,0,0,0,0,141,6,0,34,142,5,0,34,143,4,0,34,140,3,0,38,138,3,0,40,129,3,0,49,131,3,0,47,135,3,0,43,133,5,0,43,0,0,0,0,0,0,102,36,0,43,91,46,0,44,97,37,0,47,99,38,0,44,104,30,0,47,110,27,0,44,103,34,0,44,122,29,0,12,0,0,0,0,0,0,0,0
,0044,KC07-08,940,432,0,288,3,1,137,3,0,0,0,0,0,0,0,0,312,90,22,0,0,8,0,0,0,0,0,0,0,0,0,101,316,1,0,14,0,0,0,0,0,108,298,0,0,26,0,0,0,0,0,0,0,0,0,0,0,0,0,0,0,0,0,0,0,0,0,0,0,0,0,0,0,0,0,0,0,0,0,18,275,117,0,0,22,0,0,0,0,0,335,11,0,86,332,6,0,94,326,8,0,98,332,8,0,92,323,10,0,99,326,9,0,97,319,9,0,104,330,10,0,92,308,15,0,109,0,0,0,0,0,0,245,86,0,101,221,104,0,107,228,96,0,108,241,83,0,108,235,84,0,113,249,78,0,105,237,87,0,108,312,91,0,29,0,0,0,0,0,0,0,0
,0045,KC07-09,1200,704,0,364,12,3,320,3,1,1,0,0,0,0,0,0,390,255,34,0,0,25,0,0,0,0,0,0,0,0,0,298,375,1,0,30,0,0,0,0,0,0,0,0,0,0,0,0,0,0,0,0,0,0,0,0,0,0,0,0,0,0,0,0,0,0,0,0,0,278,388,2,0,36,0,0,0,0,0,31,346,285,1,0,41,0,0,0,0,0,454,42,0,208,447,39,0,218,446,39,0,219,449,39,0,216,438,40,0,226,435,33,0,236,436,32,0,236,444,32,0,228,412,57,0,235,0,0,0,0,0,0,365,154,0,185,351,165,0,188,348,165,0,191,352,161,0,191,361,155,0,188,362,153,0,189,358,160,0,186,0,0,0,0,0,0,0,0,0,0,0,0
,0046,KC07-10,614,365,0,204,5,2,149,5,0,0,0,0,0,0,0,0,219,112,20,1,0,13,0,0,0,0,0,0,0,0,0,143,210,0,0,12,0,0,0,0,0,0,0,0,0,0,0,0,0,0,0,0,0,0,0,0,0,0,0,0,0,0,0,0,0,0,0,0,0,136,214,0,0,15,0,0,0,0,0,14,193,135,1,0,22,0,0,0,0,0,254,10,0,101,250,10,0,105,258,10,0,97,255,11,0,99,249,9,0,107,242,10,0,113,246,8,0,111,248,9,0,108,225,18,0,122,0,0,0,0,0,0,212,57,0,96,187,79,0,99,198,71,0,96,202,67,0,96,203,65,0,97,196,72,0,97,195,73,0,97,35,15,0,1,0,0,0,0,0,0,0,0
,0047,KC07-11,16,6,0,6,0,0,0,0,0,0,0,0,0,0,0,0,6,0,0,0,0,0,0,0,0,0,0,0,0,0,0,0,5,0,0,1,0,0,0,0,0,0,0,0,0,0,0,0,0,0,0,0,0,0,0,0,0,0,0,0,0,0,0,0,0,0,0,0,0,0,5,0,0,1,0,0,0,0,0,0,4,0,0,0,2,0,0,0,0,0,4,0,0,2,4,0,0,2,4,0,0,2,4,0,0,2,5,0,0,1,5,0,0,1,4,0,0,2,5,0,0,1,4,0,0,2,0,0,0,0,0,0,1,3,0,2,1,3,0,2,1,3,0,2,1,3,0,2,1,3,0,2,1,3,0,2,1,3,0,2,5,1,0,0,0,0,0,0,0,0,0,0
,0048,KC07-12,0,1,0,Redacted,Redacted,Redacted,Redacted,Redacted,Redacted,Redacted,Redacted,Redacted,Redacted,Redacted,Redacted,Redacted,Redacted,Redacted,Redacted,Redacted,Redacted,Redacted,Redacted,Redacted,Redacted,Redacted,Redacted,Redacted,Redacted,Redacted,Redacted,Redacted,Redacted,Redacted,Redacted,Redacted,Redacted,Redacted,Redacted,Redacted,Redacted,Redacted,Redacted,Redacted,Redacted,Redacted,Redacted,Redacted,Redacted,Redacted,Redacted,Redacted,Redacted,Redacted,Redacted,Redacted,Redacted,Redacted,Redacted,Redacted,Redacted,Redacted,Redacted,Redacted,Redacted,Redacted,Redacted,Redacted,Redacted,Redacted,Redacted,Redacted,Redacted,Redacted,Redacted,Redacted,Redacted,Redacted,Redacted,Redacted,Redacted,Redacted,Redacted,Redacted,Redacted,Redacted,Redacted,Redacted,Redacted,Redacted,Redacted,Redacted,Redacted,Redacted,Redacted,Redacted,Redacted,Redacted,Redacted,Redacted,Redacted,Redacted,Redacted,Redacted,Redacted,Redacted,Redacted,Redacted,Redacted,Redacted,Redacted,Redacted,Redacted,Redacted,Redacted,Redacted,Redacted,Redacted,Redacted,Redacted,Redacted,Redacted,Redacted,Redacted,Redacted,Redacted,Redacted,Redacted,Redacted,Redacted,Redacted,Redacted,Redacted,Redacted,Redacted,Redacted,Redacted,Redacted,Redacted,Redacted,Redacted,Redacted,Redacted,Redacted,Redacted,Redacted,Redacted,Redacted,Redacted,Redacted,Redacted,Redacted,Redacted,Redacted,Redacted,Redacted,Redacted,Redacted,Redacted,Redacted,Redacted,Redacted,Redacted,Redacted,Redacted,Redacted,Redacted,Redacted,Redacted,Redacted,Redacted,Redacted
,0049,KC08-01,993,428,0,309,9,3,98,9,0,0,0,0,0,0,0,0,334,72,13,0,0,9,0,0,0,0,0,0,0,0,0,92,324,2,0,10,0,0,0,0,0,87,327,2,0,12,0,0,0,0,0,0,0,0,0,0,0,0,0,0,0,0,0,0,0,0,0,0,0,0,0,0,0,0,0,0,0,0,0,24,305,82,0,0,17,0,0,0,0,0,354,7,0,67,346,6,0,76,351,6,0,71,347,6,0,75,346,6,0,76,343,7,0,78,342,7,0,79,341,7,0,80,339,11,0,78,0,0,0,0,0,0,249,70,0,109,219,100,1,108,234,85,1,108,235,84,0,109,240,78,0,110,244,73,0,111,227,90,0,111,334,63,0,31,0,0,0,0,0,0,0,0
,0050,KC08-02,909,445,0,367,2,4,67,5,0,0,0,0,0,0,0,0,363,53,19,0,0,10,0,0,0,0,0,0,0,0,0,69,364,1,0,11,0,0,0,0,0,62,360,1,0,22,0,0,0,0,0,0,0,0,0,0,0,0,0,0,0,0,0,0,0,0,0,0,0,0,0,0,0,0,0,0,0,0,0,20,340,63,0,0,22,0,0,0,0,0,377,2,0,66,374,1,0,70,370,1,0,74,373,2,0,70,364,0,0,81,361,0,0,84,363,0,0,82,361,0,0,84,356,5,0,84,0,0,0,0,0,0,265,72,0,108,215,121,0,109,255,79,0,111,273,64,0,108,271,61,0,113,275,58,0,112,232,100,0,113,357,55,0,33,0,0,0,0,0,0,0,0
,0051,KC08-03,1219,739,0,577,7,4,142,6,0,3,0,0,0,0,0,0,585,124,19,0,0,10,0,0,0,0,0,0,0,0,0,151,566,1,0,20,0,0,0,0,0,148,565,2,0,23,0,0,0,0,0,0,0,0,0,0,0,0,0,0,0,0,0,0,0,0,0,0,0,0,0,0,0,0,0,0,0,0,0,37,533,134,3,0,31,0,0,0,0,0,575,18,0,145,576,18,0,144,575,19,0,144,583,17,0,138,563,19,0,156,572,16,0,150,574,17,0,147,569,19,0,150,560,26,0,152,0,0,0,0,0,0,454,105,0,179,372,179,0,187,415,137,0,186,443,109,0,186,438,113,0,187,440,111,0,187,393,158,0,187,553,141,0,44,0,0,0,0,0,0,0,0
,0052,KC08-04,1157,590,0,409,10,2,164,3,0,2,0,0,0,0,0,0,420,134,22,2,0,12,0,0,0,0,0,0,0,0,0,167,392,2,0,29,0,0,0,0,0,161,401,1,0,27,0,0,0,0,0,0,0,0,0,0,0,0,0,0,0,0,0,0,0,0,0,0,0,0,0,0,0,0,0,0,0,0,0,32,379,147,1,0,31,0,0,0,0,0,433,21,0,136,433,21,0,136,432,21,0,137,435,20,0,135,428,20,0,142,429,18,0,143,425,18,0,147,424,20,0,146,412,25,0,153,0,0,0,0,0,0,312,119,0,159,274,155,0,161,281,146,0,163,293,135,0,162,299,128,0,163,300,122,0,168,283,141,0,166,436,118,0,36,0,0,0,0,0,0,0,0
,0053,KC09-01,178,62,0,46,3,0,12,1,0,0,43,5,10,0,0,4,0,0,0,0,0,0,45,1,0,16,0,0,0,0,0,0,0,0,0,0,0,0,0,0,0,0,0,0,0,0,44,12,0,0,6,0,0,0,0,0,0,0,0,0,0,0,0,0,0,0,0,0,0,0,0,0,0,0,0,0,0,0,0,1,42,11,0,0,8,0,0,0,0,0,46,0,0,16,43,0,0,19,45,0,0,17,44,0,0,18,46,0,0,16,42,0,0,20,46,0,0,16,46,0,0,16,43,0,0,19,0,0,0,0,0,0,37,9,0,16,34,11,0,17,31,14,0,17,32,12,0,18,32,13,0,17,34,12,0,16,35,10,0,17,45,8,0,9,0,0,0,0,0,0,0,0
,0054,KC09-02,894,398,0,257,4,1,130,3,0,3,245,20,109,0,0,24,0,0,0,0,0,0,0,0,0,0,0,0,0,0,0,125,256,0,0,17,0,0,0,0,0,0,0,0,0,0,265,113,0,0,20,0,0,0,0,0,0,0,0,0,0,0,0,0,0,0,0,0,0,0,0,0,0,0,0,0,0,0,0,15,235,119,0,0,29,0,0,0,0,0,291,12,0,95,286,13,0,99,286,12,0,100,288,10,0,100,279,10,0,109,270,11,0,117,277,12,0,109,273,11,0,114,252,17,0,129,0,0,0,0,0,0,226,57,0,115,199,87,0,112,208,75,0,115,212,71,0,115,222,61,0,115,223,61,0,114,211,72,0,115,281,90,0,27,0,0,0,0,0,0,0,0
,0055,KC09-03,1741,799,0,553,9,4,221,4,0,8,521,44,173,2,0,59,0,0,0,0,0,0,600,20,1,178,0,0,0,0,0,0,0,0,0,0,0,0,0,0,0,0,0,0,0,0,547,198,4,0,50,0,0,0,0,0,0,0,0,0,0,0,0,0,0,0,0,0,0,0,0,0,0,0,0,0,0,0,0,24,513,196,2,1,63,0,0,0,0,0,601,19,0,179,588,13,0,198,604,15,0,180,591,16,0,192,601,16,0,182,585,14,0,200,592,14,0,193,576,14,0,209,551,30,0,218,0,0,0,0,0,0,473,138,0,188,447,166,0,186,455,148,0,196,469,137,0,193,465,143,0,191,474,130,0,195,457,151,0,191,527,218,0,54,0,0,0,0,0,0,0,0
,0056,KC09-04,203,107,0,44,0,0,62,1,0,0,37,7,54,0,0,9,0,0,0,0,0,0,63,6,0,38,0,0,0,0,0,0,0,0,0,0,0,0,0,0,0,0,0,0,0,0,0,0,0,0,0,0,0,0,0,0,0,0,0,0,0,0,0,0,0,0,0,0,0,54,43,0,0,10,0,0,0,0,0,2,36,56,0,0,13,0,0,0,0,0,57,6,0,44,56,6,0,45,55,6,0,46,56,6,0,45,57,6,0,44,54,6,0,47,58,6,0,43,57,6,0,44,57,6,0,44,0,0,0,0,0,0,46,24,0,37,46,25,0,36,42,29,0,36,42,28,0,37,48,23,0,36,50,22,0,35,51,20,0,36,54,42,0,11,0,0,0,0,0,0,0,0
,0057,KC09-05,79,59,0,30,0,0,29,0,0,0,28,2,23,0,0,6,0,0,0,0,0,0,0,0,0,0,0,0,0,0,0,26,29,0,0,4,0,0,0,0,0,0,0,0,0,0,0,0,0,0,0,0,0,0,0,0,0,0,0,0,0,0,0,0,0,0,0,0,0,22,32,0,0,5,0,0,0,0,0,3,29,22,0,0,5,0,0,0,0,0,39,3,0,17,39,2,0,18,38,2,0,19,38,2,0,19,37,3,0,19,39,2,0,18,37,2,0,20,39,2,0,18,37,4,0,18,0,0,0,0,0,0,32,10,0,17,31,10,0,18,32,8,0,19,29,12,0,18,28,12,0,19,33,7,0,19,31,8,0,20,0,0,0,0,0,0,0,0,0,0,0,0
,0058,KC09-06,1045,431,0,325,4,3,97,1,0,1,288,31,87,1,1,23,0,0,0,0,0,0,342,10,0,79,0,0,0,0,0,0,0,0,0,0,0,0,0,0,0,0,0,0,0,0,0,0,0,0,0,0,0,0,0,0,0,0,0,0,0,0,0,0,0,0,0,0,0,93,304,1,0,33,0,0,0,0,0,19,290,90,0,0,32,0,0,0,0,0,334,9,0,88,338,10,0,83,333,8,0,90,333,8,0,90,333,8,0,90,320,7,0,104,320,7,0,104,323,6,0,102,322,11,0,98,0,0,0,0,0,0,240,64,0,127,215,83,0,133,226,79,0,126,228,72,0,131,228,73,0,130,235,65,0,131,223,72,0,136,110,39,0,27,0,0,0,0,0,0,0,0
,0059,KC09-07,920,452,0,244,7,1,199,0,0,1,0,0,0,0,0,0,264,150,22,2,0,14,0,0,0,0,0,0,0,0,0,184,249,2,0,17,0,0,0,0,0,0,0,0,0,0,0,0,0,0,0,0,0,0,0,0,0,0,0,0,0,0,0,0,0,0,0,0,0,175,250,3,0,24,0,0,0,0,0,19,228,176,2,0,27,0,0,0,0,0,295,23,0,134,289,23,0,140,287,20,1,144,292,20,0,140,285,20,0,147,282,19,0,151,282,17,0,153,280,19,0,153,275,26,0,151,0,0,0,0,0,0,237,86,0,129,226,98,1,127,212,104,0,136,220,96,0,136,227,91,0,134,232,84,0,136,234,86,0,132,0,0,0,0,0,0,0,0,0,0,0,0
,0060,KC09-08,493,276,0,207,5,0,62,0,0,2,190,12,57,3,0,14,0,0,0,0,0,0,0,0,0,0,0,0,0,0,0,73,193,1,0,9,0,0,0,0,0,0,0,0,0,0,0,0,0,0,0,0,0,0,0,0,0,0,0,0,0,0,0,0,0,0,0,0,0,62,199,0,0,15,0,0,0,0,0,7,187,63,0,1,18,0,0,0,0,0,218,1,0,57,216,1,0,59,217,2,0,57,218,3,0,55,210,3,0,63,209,2,0,65,208,2,0,66,209,1,0,66,215,4,0,57,0,0,0,0,0,0,161,54,0,61,138,74,0,64,149,63,0,64,153,61,0,62,161,50,0,65,159,51,0,66,153,61,0,62,171,69,0,17,0,0,0,0,0,0,0,0
,0061,KC09-09,367,196,0,110,3,0,82,0,0,1,96,13,74,0,0,13,0,0,0,0,0,0,0,0,0,0,0,0,0,0,0,80,105,0,0,11,0,0,0,0,0,0,0,0,0,0,0,0,0,0,0,0,0,0,0,0,0,0,0,0,0,0,0,0,0,0,0,0,0,69,105,0,0,22,0,0,0,0,0,7,98,71,0,0,20,0,0,0,0,0,139,8,0,49,135,7,0,54,134,5,0,57,132,7,0,57,131,9,0,56,136,5,0,55,133,7,0,56,134,7,0,55,130,12,0,54,0,0,0,0,0,0,98,52,0,46,96,54,0,46,86,62,0,48,87,59,0,50,91,55,0,50,87,59,0,50,88,58,0,50,123,64,0,9,0,0,0,0,0,0,0,0
,0062,KC09-10,879,510,0,311,3,3,190,2,0,1,307,23,157,1,0,22,0,0,0,0,0,0,0,0,0,0,0,0,0,0,0,180,310,0,0,20,0,0,0,0,0,0,0,0,0,0,0,0,0,0,0,0,0,0,0,0,0,0,0,0,0,0,0,0,0,0,0,0,0,165,317,0,0,28,0,0,0,0,0,22,299,159,0,0,30,0,0,0,0,0,365,14,0,131,364,14,0,132,366,12,0,132,364,14,0,132,355,14,0,141,351,14,0,145,351,15,0,144,354,14,0,142,343,23,0,144,0,0,0,0,0,0,308,96,0,106,285,113,0,112,270,119,0,121,285,110,0,115,281,111,0,118,281,111,0,118,290,105,0,115,316,172,0,22,0,0,0,0,0,0,0,0
,0063,KC09-11,99,77,0,42,0,0,34,1,0,0,38,3,29,2,0,5,0,0,0,0,0,0,0,0,0,0,0,0,0,0,0,32,39,0,0,6,0,0,0,0,0,0,0,0,0,0,0,0,0,0,0,32,40,0,0,5,0,0,0,0,0,0,0,0,0,0,0,0,0,0,0,0,0,0,0,0,0,0,0,3,39,28,0,0,7,0,0,0,0,0,53,2,0,22,55,1,0,21,54,2,0,21,54,1,0,22,53,1,0,23,51,1,0,25,54,1,0,22,50,1,0,26,51,3,0,23,0,0,0,0,0,0,43,9,0,25,38,13,0,26,39,12,0,26,41,10,0,26,38,13,0,26,38,13,0,26,42,9,0,26,53,16,0,7,0,0,0,0,0,0,0,0
,0064,KC09-12,985,568,0,296,12,1,250,7,0,2,0,0,0,0,0,0,314,194,40,3,0,17,0,0,0,0,0,0,0,0,0,247,294,0,0,27,0,0,0,0,0,0,0,0,0,0,0,0,0,0,0,0,0,0,0,0,0,0,0,0,0,0,0,0,0,0,0,0,0,221,305,1,0,41,0,0,0,0,0,31,273,229,1,0,34,0,0,0,0,0,368,24,0,176,371,24,0,173,371,21,0,176,373,19,0,176,360,17,1,190,363,19,0,186,358,18,0,192,360,18,0,190,348,30,0,190,0,0,0,0,0,0,335,106,0,127,321,121,0,126,293,141,0,134,302,134,0,132,306,127,0,135,306,127,0,135,316,118,0,134,279,206,0,24,0,0,0,0,0,0,0,0
,0065,KC09-13,689,356,0,175,1,3,171,2,0,4,0,0,0,0,0,0,183,137,21,0,0,15,0,0,0,0,0,0,0,0,0,170,166,0,0,20,0,0,0,0,0,0,0,0,0,0,0,0,0,0,0,176,158,0,0,22,0,0,0,0,0,0,0,0,0,0,0,0,0,0,0,0,0,0,0,0,0,0,0,21,158,154,0,1,22,0,0,0,0,0,216,13,0,127,213,15,0,128,208,12,0,136,211,13,0,132,208,14,0,134,200,14,0,142,200,13,0,143,203,14,0,139,198,15,0,143,0,0,0,0,0,0,181,72,0,103,166,87,0,103,151,100,0,105,156,94,0,106,167,86,0,103,170,82,0,104,173,79,0,104,191,135,0,30,0,0,0,0,0,0,0,0
,0066,KC09-14,836,521,0,244,5,4,263,4,0,1,0,0,0,0,0,0,267,219,17,0,0,18,0,0,0,0,0,0,0,0,0,268,235,0,0,18,0,0,0,0,0,0,0,0,0,0,0,0,0,0,0,284,218,0,0,19,0,0,0,0,0,0,0,0,0,0,0,0,0,0,0,0,0,0,0,0,0,0,0,20,233,242,0,0,26,0,0,0,0,0,319,17,0,185,313,17,0,191,316,16,0,189,322,16,0,183,315,14,0,192,307,15,0,199,307,15,0,199,312,16,0,193,296,31,0,194,0,0,0,0,0,0,280,109,0,132,272,114,0,135,246,130,0,145,250,127,0,144,255,120,0,146,262,113,0,146,271,110,0,140,207,134,0,24,0,0,0,0,0,0,0,0
,0067,KC09-15,3,4,0,Redacted,Redacted,Redacted,Redacted,Redacted,Redacted,Redacted,Redacted,Redacted,Redacted,Redacted,Redacted,Redacted,Redacted,Redacted,Redacted,Redacted,Redacted,Redacted,Redacted,Redacted,Redacted,Redacted,Redacted,Redacted,Redacted,Redacted,Redacted,Redacted,Redacted,Redacted,Redacted,Redacted,Redacted,Redacted,Redacted,Redacted,Redacted,Redacted,Redacted,Redacted,Redacted,Redacted,Redacted,Redacted,Redacted,Redacted,Redacted,Redacted,Redacted,Redacted,Redacted,Redacted,Redacted,Redacted,Redacted,Redacted,Redacted,Redacted,Redacted,Redacted,Redacted,Redacted,Redacted,Redacted,Redacted,Redacted,Redacted,Redacted,Redacted,Redacted,Redacted,Redacted,Redacted,Redacted,Redacted,Redacted,Redacted,Redacted,Redacted,Redacted,Redacted,Redacted,Redacted,Redacted,Redacted,Redacted,Redacted,Redacted,Redacted,Redacted,Redacted,Redacted,Redacted,Redacted,Redacted,Redacted,Redacted,Redacted,Redacted,Redacted,Redacted,Redacted,Redacted,Redacted,Redacted,Redacted,Redacted,Redacted,Redacted,Redacted,Redacted,Redacted,Redacted,Redacted,Redacted,Redacted,Redacted,Redacted,Redacted,Redacted,Redacted,Redacted,Redacted,Redacted,Redacted,Redacted,Redacted,Redacted,Redacted,Redacted,Redacted,Redacted,Redacted,Redacted,Redacted,Redacted,Redacted,Redacted,Redacted,Redacted,Redacted,Redacted,Redacted,Redacted,Redacted,Redacted,Redacted,Redacted,Redacted,Redacted,Redacted,Redacted,Redacted,Redacted,Redacted,Redacted,Redacted,Redacted,Redacted,Redacted,Redacted,Redacted,Redacted,Redacted,Redacted,Redacted,Redacted,Redacted
,0068,KC09-16,2300,1287,1,740,12,7,511,11,1,5,703,55,478,4,1,46,0,0,0,0,0,0,0,0,0,0,494,741,4,1,47,0,0,0,0,0,0,0,0,0,0,0,0,0,0,0,0,0,0,0,0,528,701,3,2,53,0,0,0,0,0,0,0,0,0,0,0,0,0,0,0,0,0,0,0,0,0,0,0,0,0,0,0,0,0,0,0,0,0,0,918,30,1,338,912,29,1,345,920,33,1,333,924,29,1,333,916,29,1,341,919,27,1,340,918,28,1,340,902,29,1,355,858,61,1,367,0,0,0,0,0,0,782,215,0,290,735,259,0,293,725,256,0,306,750,235,0,302,737,252,0,298,756,229,0,302,736,256,0,295,0,0,0,0,0,0,0,0,0,0,0,0
,0069,KC09-17,9,6,0,1,0,0,5,0,0,0,0,0,0,0,0,0,3,3,0,0,0,0,0,0,0,0,3,2,0,0,1,0,0,0,0,0,0,0,0,0,0,0,0,0,0,0,0,0,0,0,0,5,1,0,0,0,0,0,0,0,0,0,0,0,0,0,0,0,0,0,0,0,0,0,0,0,0,0,0,0,0,0,0,0,0,0,0,0,0,0,2,2,0,2,2,2,0,2,2,2,0,2,2,2,0,2,2,2,0,2,2,2,0,2,2,2,0,2,2,2,0,2,2,2,0,2,0,0,0,0,0,0,3,1,0,2,2,2,0,2,3,0,0,3,4,0,0,2,3,1,0,2,3,1,0,2,3,1,0,2,0,0,0,0,0,0,0,0,0,0,0,0
,0070,KC09-18,172,114,0,55,2,0,56,1,0,0,0,0,0,0,0,0,61,43,6,0,0,4,0,0,0,0,0,0,0,0,0,49,60,0,0,5,0,0,0,0,0,0,0,0,0,0,0,0,0,0,0,0,0,0,0,0,0,0,0,0,0,0,0,0,0,0,0,0,0,48,61,0,0,5,0,0,0,0,0,6,57,47,1,0,3,0,0,0,0,0,72,2,0,40,72,2,0,40,72,2,0,40,73,2,0,39,75,2,0,37,72,2,0,40,70,3,0,41,72,2,0,40,69,7,0,38,0,0,0,0,0,0,56,32,0,26,63,26,0,25,54,34,0,26,56,33,0,25,57,31,0,26,57,32,0,25,64,25,0,25,64,45,0,5,0,0,0,0,0,0,0,0
,0071,KC09-19,42,32,0,20,0,0,12,0,0,0,0,0,0,0,0,0,22,8,0,0,0,2,0,0,0,0,0,0,0,0,0,10,20,0,0,2,0,0,0,0,0,0,0,0,0,0,0,0,0,0,0,0,0,0,0,0,0,0,0,0,0,0,0,0,0,0,0,0,0,10,19,0,0,3,0,0,0,0,0,1,19,10,0,0,2,0,0,0,0,0,23,3,0,6,22,3,0,7,20,3,0,9,22,2,0,8,21,3,0,8,22,2,0,8,21,2,0,9,21,2,0,9,20,2,0,10,0,0,0,0,0,0,19,5,0,8,16,9,0,7,17,6,0,9,18,5,0,9,19,3,0,10,18,4,0,10,16,7,0,9,19,10,0,3,0,0,0,0,0,0,0,0
,0072,KC09-20,0,0,0,0,0,0,0,0,0,0,0,0,0,0,0,0,0,0,0,0,0,0,0,0,0,0,0,0,0,0,0,0,0,0,0,0,0,0,0,0,0,0,0,0,0,0,0,0,0,0,0,0,0,0,0,0,0,0,0,0,0,0,0,0,0,0,0,0,0,0,0,0,0,0,0,0,0,0,0,0,0,0,0,0,0,0,0,0,0,0,0,0,0,0,0,0,0,0,0,0,0,0,0,0,0,0,0,0,0,0,0,0,0,0,0,0,0,0,0,0,0,0,0,0,0,0,0,0,0,0,0,0,0,0,0,0,0,0,0,0,0,0,0,0,0,0,0,0,0,0,0,0,0,0,0,0,0,0,0,0,0,0,0,0,0,0,0,0,0,0,0,0
,0073,KC09-21,69,11,0,6,2,0,3,0,0,0,0,0,0,0,0,0,8,1,0,0,0,2,0,0,0,0,0,0,0,0,0,3,5,0,0,3,0,0,0,0,0,0,0,0,0,0,0,0,0,0,0,3,7,0,0,1,0,0,0,0,0,0,0,0,0,0,0,0,0,0,0,0,0,0,0,0,0,0,0,0,7,1,0,0,3,0,0,0,0,0,8,0,0,3,7,0,0,4,8,0,0,3,7,0,0,4,7,0,0,4,7,0,0,4,7,0,0,4,7,0,0,4,8,0,0,3,0,0,0,0,0,0,7,1,0,3,7,1,0,3,6,2,0,3,7,1,0,3,6,2,0,3,6,2,0,3,7,1,0,3,0,0,0,0,0,0,0,0,0,0,0,0
,0074,KC09-22,132,89,0,48,2,0,38,1,0,0,0,0,0,0,0,0,55,23,4,1,0,6,0,0,0,0,0,0,0,0,0,41,42,0,0,6,0,0,0,0,0,0,0,0,0,0,0,0,0,0,0,0,0,0,0,0,0,0,0,0,0,0,0,0,0,0,0,0,0,33,48,0,0,8,0,0,0,0,0,5,46,33,0,0,5,0,0,0,0,0,56,4,0,29,54,4,0,31,55,4,0,30,55,4,0,30,53,4,0,32,53,4,0,32,52,3,0,34,54,3,0,32,52,5,0,32,0,0,0,0,0,0,42,23,0,24,41,23,0,25,39,25,0,25,41,24,0,24,39,25,0,25,36,26,0,27,42,21,0,26,38,42,0,9,0,0,0,0,0,0,0,0
,0075,KC09-23,80,49,0,15,0,0,34,0,0,0,0,0,0,0,0,0,21,20,1,0,0,7,0,0,0,0,0,0,0,0,0,25,18,0,0,6,0,0,0,0,0,0,0,0,0,0,0,0,0,0,0,0,0,0,0,0,0,0,0,0,0,0,0,0,0,0,0,0,0,25,16,0,0,8,0,0,0,0,0,3,16,25,0,0,5,0,0,0,0,0,22,2,0,25,24,1,0,24,25,0,0,24,25,0,0,24,26,0,0,23,24,0,0,25,24,0,0,25,23,0,0,26,22,1,0,26,0,0,0,0,0,0,22,9,0,18,27,6,0,16,23,8,0,18,21,9,0,19,22,8,0,19,20,10,0,19,23,7,0,19,18,25,0,6,0,0,0,0,0,0,0,0
,0076,KC09-24,41,10,0,3,0,0,7,0,0,0,2,1,7,0,0,0,0,0,0,0,0,0,4,2,0,4,0,0,0,0,0,0,0,0,0,0,0,0,0,0,0,0,0,0,0,0,3,7,0,0,0,0,0,0,0,0,0,0,0,0,0,0,0,0,0,0,0,0,0,0,0,0,0,0,0,0,0,0,0,1,2,7,0,0,0,0,0,0,0,0,3,2,0,5,3,1,0,6,3,1,0,6,3,2,0,5,4,1,0,5,3,1,0,6,5,1,0,4,4,1,0,5,5,0,0,5,0,0,0,0,0,0,6,2,0,2,6,2,0,2,5,3,0,2,5,3,0,2,6,2,0,2,6,2,0,2,6,2,0,2,6,4,0,0,0,0,0,0,0,0,0,0
,0077,KC09-25,1143,656,0,415,11,1,221,6,0,2,401,28,198,2,0,27,0,0,0,0,0,0,0,0,0,0,0,0,0,0,0,201,428,1,0,26,0,0,0,0,0,0,0,0,0,0,0,0,0,0,0,0,0,0,0,0,0,0,0,0,0,0,0,0,0,0,0,0,0,181,442,0,0,33,0,0,0,0,0,22,405,193,1,1,34,0,0,0,0,0,497,5,0,154,490,7,0,159,495,9,0,152,499,7,1,149,478,11,0,167,480,9,0,167,482,9,0,165,479,10,0,167,458,30,1,167,0,0,0,0,0,0,406,103,0,147,386,119,0,151,376,124,0,156,389,111,0,156,399,102,0,155,393,104,0,159,393,108,0,155,410,196,0,50,0,0,0,0,0,0,0,0
,0078,KC10-01,907,366,0,316,5,1,44,0,0,0,288,21,37,1,0,19,0,0,0,0,0,0,314,6,0,46,0,0,0,0,0,0,0,0,0,0,0,0,0,0,0,0,0,0,0,0,0,0,0,0,0,0,0,0,0,0,0,0,0,0,326,7,0,33,0,0,0,0,0,0,0,0,0,0,0,0,0,0,0,13,290,44,1,0,18,0,0,0,0,0,317,7,0,42,317,6,0,43,315,6,0,45,309,7,0,50,309,7,0,50,314,6,0,46,304,7,0,55,297,7,0,62,312,7,0,47,0,0,0,0,0,0,223,70,0,73,215,73,0,78,205,73,0,88,218,66,0,82,217,64,1,84,230,60,0,76,219,64,0,83,247,98,0,21,0,0,0,0,0,0,0,0
,0079,KC10-02,862,350,0,304,3,1,41,1,0,0,265,23,35,0,0,27,0,0,0,0,0,0,301,10,0,39,0,0,0,0,0,0,0,0,0,0,0,0,0,0,0,0,0,0,0,0,0,0,0,0,0,0,0,0,0,0,0,0,0,0,299,11,0,40,0,0,0,0,0,0,0,0,0,0,0,0,0,0,0,16,255,50,0,0,29,0,0,0,0,0,290,7,0,53,288,6,0,56,289,7,0,54,289,6,0,55,279,7,0,64,287,6,0,57,279,6,0,65,277,6,0,67,280,11,0,59,0,0,0,0,0,0,197,63,0,90,181,76,0,93,185,70,0,95,189,65,0,96,202,58,0,90,203,50,0,97,190,67,0,93,235,93,1,21,0,0,0,0,0,0,0,0
,0080,KC10-03,69,29,0,19,2,0,7,0,1,0,18,3,5,0,1,2,0,0,0,0,0,0,24,1,1,3,0,0,0,0,0,0,0,0,0,0,0,0,0,0,0,0,0,0,0,0,0,0,0,0,0,0,0,0,0,0,0,0,0,0,24,1,1,3,0,0,0,0,0,0,0,0,0,0,0,0,0,0,0,0,17,9,0,1,2,0,0,0,0,0,23,1,1,4,25,1,1,2,24,1,1,3,25,1,1,2,24,1,1,3,24,1,1,3,24,1,1,3,22,1,1,5,24,1,1,3,0,0,0,0,0,0,21,6,0,2,20,6,0,3,20,5,0,4,22,3,0,4,22,4,0,3,23,3,0,3,24,3,0,2,20,8,0,1,0,0,0,0,0,0,0,0
,0081,KC10-04,636,269,0,205,5,0,56,1,0,2,186,17,48,2,0,16,0,0,0,0,0,0,218,6,0,45,0,0,0,0,0,0,0,0,0,0,0,0,0,0,0,0,0,0,0,0,0,0,0,0,0,0,0,0,0,0,215,10,0,44,0,0,0,0,0,0,0,0,0,0,0,0,0,0,0,0,0,0,0,11,185,50,2,0,21,0,0,0,0,0,208,5,0,56,203,6,0,60,211,7,0,51,210,4,0,55,207,5,0,57,208,5,0,56,206,5,0,58,207,3,1,58,204,12,0,53,0,0,0,0,0,0,159,46,0,64,147,60,0,62,150,55,0,64,156,48,0,65,159,43,0,67,161,41,0,67,152,54,0,63,180,70,0,19,0,0,0,0,0,0,0,0
,0082,KC10-05,1010,500,0,357,6,4,126,3,1,3,326,23,110,3,0,38,0,0,0,0,0,0,367,17,0,116,0,0,0,0,0,0,0,0,0,0,0,0,0,0,0,0,0,0,0,0,0,0,0,0,0,0,0,0,0,0,367,14,0,119,0,0,0,0,0,0,0,0,0,0,0,0,0,0,0,0,0,0,0,11,321,121,2,0,45,0,0,0,0,0,367,10,0,123,358,8,0,134,373,8,0,119,368,8,0,124,368,10,0,122,368,7,0,125,362,8,1,129,371,10,0,119,366,15,0,119,0,0,0,0,0,0,297,75,0,128,280,93,0,127,278,88,0,134,284,83,0,133,279,90,0,131,287,82,0,131,283,86,0,131,354,116,0,30,0,0,0,0,0,0,0,0
,0083,KC10-06,344,133,0,104,1,1,26,0,1,0,104,7,20,0,0,2,0,0,0,0,0,0,114,4,0,15,0,0,0,0,0,0,0,0,0,0,0,0,0,0,0,0,0,0,0,0,0,0,0,0,0,0,0,0,0,0,108,1,0,24,0,0,0,0,0,0,0,0,0,0,0,0,0,0,0,0,0,0,0,9,91,29,0,0,4,0,0,0,0,0,109,1,0,23,111,1,0,21,112,0,0,21,109,0,0,24,105,5,0,23,111,0,0,22,108,0,0,25,104,0,0,29,107,7,0,19,0,0,0,0,0,0,81,25,0,27,75,33,0,25,80,25,0,28,83,22,0,28,80,24,0,29,82,23,0,28,80,25,0,28,96,32,0,5,0,0,0,0,0,0,0,0
,0084,KC10-07,234,107,0,91,0,0,16,0,0,0,75,8,16,0,0,8,0,0,0,0,0,0,89,1,0,17,0,0,0,0,0,0,0,0,0,0,0,0,0,0,0,0,0,0,0,0,0,0,0,0,0,0,0,0,0,0,91,0,0,16,0,0,0,0,0,0,0,0,0,0,0,0,0,0,0,0,0,0,0,2,76,16,0,0,13,0,0,0,0,0,90,0,0,17,89,0,0,18,88,0,0,19,88,0,0,19,87,0,0,20,88,0,0,19,83,1,0,23,86,0,0,21,96,0,0,11,0,0,0,0,0,0,57,27,0,23,54,29,0,24,54,28,0,25,55,29,0,23,55,25,0,27,55,26,0,26,59,23,0,25,69,32,0,6,0,0,0,0,0,0,0,0
,0085,KC11-01,966,444,0,356,5,2,73,5,0,3,321,24,69,2,1,27,0,0,0,0,0,0,377,6,0,61,0,0,0,0,0,0,0,0,0,0,0,0,0,0,0,0,0,0,0,0,0,0,0,0,0,0,0,0,0,0,0,0,0,0,372,9,0,63,0,0,0,0,0,0,0,0,0,0,0,0,0,0,0,19,319,78,2,0,26,0,0,0,0,0,372,4,0,68,367,5,0,72,366,4,0,74,364,4,0,76,363,5,0,76,358,5,0,81,352,5,0,87,354,3,0,87,358,8,0,78,0,0,0,0,0,0,259,85,0,100,236,103,0,105,245,91,0,108,255,82,0,107,249,84,0,111,261,73,0,110,255,79,0,110,264,145,0,35,0,0,0,0,0,0,0,0
,0086,KC11-02,858,439,0,348,2,4,83,2,0,0,311,27,71,1,0,29,0,0,0,0,0,0,351,7,0,81,0,0,0,0,0,0,0,0,0,0,0,0,0,0,0,0,0,0,0,0,0,0,0,0,0,0,0,0,0,0,344,8,0,87,0,0,0,0,0,0,0,0,0,0,0,0,0,0,0,0,0,0,0,14,301,81,0,0,43,0,0,0,0,0,336,7,0,96,336,7,0,96,334,7,0,98,335,9,0,95,340,5,0,94,338,7,0,94,329,6,0,104,327,5,0,107,339,10,0,90,0,0,0,0,0,0,239,86,0,114,211,115,0,113,221,98,0,120,232,87,0,120,240,78,0,121,241,77,0,121,230,86,0,123,266,142,0,31,0,0,0,0,0,0,0,0
,0087,KC11-03,1068,593,0,449,11,3,126,3,0,1,400,36,115,3,0,39,0,0,0,0,0,0,459,12,0,122,0,0,0,0,0,0,0,0,0,0,0,0,0,0,0,0,0,0,0,0,0,0,0,0,0,0,0,0,0,0,455,13,0,125,0,0,0,0,0,0,0,0,0,0,0,0,0,0,0,0,0,0,0,20,395,125,2,0,51,0,0,0,0,0,456,9,0,128,453,10,0,130,453,10,0,130,452,9,0,132,444,10,0,139,447,10,0,136,442,10,1,140,441,10,0,142,447,25,0,121,0,0,0,0,0,0,337,130,0,126,302,161,0,130,321,140,0,132,319,136,0,138,339,118,0,136,346,113,0,134,321,135,0,137,339,217,0,37,0,0,0,0,0,0,0,0
,0088,KC11-04,985,430,0,324,9,2,86,9,0,0,295,23,83,0,0,29,0,0,0,0,0,0,336,11,0,83,0,0,0,0,0,0,0,0,0,0,0,0,0,0,0,0,0,0,0,0,0,0,0,0,0,0,0,0,0,0,335,7,0,88,0,0,0,0,0,0,0,0,0,0,0,0,0,0,0,0,0,0,0,22,286,82,0,0,40,0,0,0,0,0,325,6,0,99,327,6,0,97,332,6,0,92,323,6,0,101,326,6,0,98,323,7,0,100,326,7,0,97,325,7,0,98,332,10,0,88,0,0,0,0,0,0,249,73,0,108,222,96,0,112,222,89,0,119,239,68,0,123,229,75,0,126,242,64,0,124,239,65,0,126,291,114,0,25,0,0,0,0,0,0,0,0
,0089,KC11-05,1149,496,1,311,5,2,173,3,0,2,280,33,140,1,0,42,0,0,0,0,0,0,329,13,0,154,0,0,0,0,0,0,0,0,0,0,0,0,0,0,0,0,0,0,0,0,0,0,0,0,0,0,0,0,0,0,333,11,0,152,0,0,0,0,0,0,0,0,0,0,0,0,0,0,0,0,0,0,0,16,275,150,0,0,55,0,0,0,0,0,333,11,0,152,323,11,0,162,332,10,0,154,330,11,0,155,328,10,0,158,325,10,0,161,330,9,0,157,325,9,0,162,316,24,0,156,0,0,0,0,0,0,273,85,0,138,256,105,0,135,251,103,0,142,262,89,0,145,268,82,0,146,264,87,0,145,255,96,0,145,294,157,0,45,0,0,0,0,0,0,0,0
,0090,KC11-06,781,371,0,281,4,4,78,1,1,2,263,16,66,0,1,25,0,0,0,0,0,0,292,8,1,70,0,0,0,0,0,0,0,0,0,0,0,0,0,0,0,0,0,0,0,0,0,0,0,0,0,0,0,0,0,0,286,7,1,77,0,0,0,0,0,0,0,0,0,0,0,0,0,0,0,0,0,0,0,8,255,74,1,1,32,0,0,0,0,0,280,7,0,84,286,7,1,77,283,7,0,81,283,6,0,82,285,5,0,81,280,7,0,84,272,8,0,91,272,9,0,90,285,11,0,75,0,0,0,0,0,0,224,55,0,92,206,70,0,95,197,71,0,103,211,61,0,99,212,59,0,100,214,60,0,97,216,58,0,97,240,104,0,27,0,0,0,0,0,0,0,0
,0091,KC11-07,629,361,0,254,4,3,99,1,0,0,230,22,89,2,0,18,0,0,0,0,0,0,265,9,0,87,0,0,0,0,0,0,0,0,0,0,0,0,0,0,0,0,0,0,0,0,0,0,0,0,0,0,0,0,0,0,260,9,0,92,0,0,0,0,0,0,0,0,0,0,0,0,0,0,0,0,0,0,0,11,235,85,1,0,29,0,0,0,0,0,257,8,0,96,257,10,0,94,259,8,0,94,257,7,0,97,258,8,0,95,260,7,0,94,255,7,0,99,253,8,0,100,257,15,0,89,0,0,0,0,0,0,194,68,0,99,189,73,0,99,186,75,0,100,188,71,0,102,197,60,0,104,198,63,0,100,189,67,0,105,207,89,0,30,0,0,0,0,0,0,0,0
,0092,KC11-08,1033,359,1,281,0,1,73,2,0,2,260,20,62,0,0,17,0,0,0,0,0,0,304,5,0,50,0,0,0,0,0,0,0,0,0,0,0,0,0,0,0,0,0,0,0,0,0,0,0,0,0,0,0,0,0,0,294,4,0,61,0,0,0,0,0,0,0,0,0,0,0,0,0,0,0,0,0,0,0,13,255,67,0,0,24,0,0,0,0,0,299,3,0,57,298,2,0,59,304,2,0,53,299,4,0,56,295,4,0,60,298,3,0,58,296,2,0,61,297,2,0,60,299,3,0,57,0,0,0,0,0,0,237,66,0,56,219,82,0,58,222,74,0,63,216,82,0,61,233,66,0,60,234,63,0,62,230,64,0,65,252,74,0,33,0,0,0,0,0,0,0,0
,0093,KC11-09,505,237,0,165,1,0,71,0,0,0,147,10,64,1,1,14,0,0,0,0,0,0,177,2,0,58,0,0,0,0,0,0,0,0,0,0,0,0,0,0,0,0,0,0,0,0,0,0,0,0,0,0,0,0,0,0,0,0,0,0,0,0,0,0,64,157,1,0,15,0,0,0,0,0,0,0,0,0,0,4,151,67,1,0,14,0,0,0,0,0,173,4,0,60,167,4,0,66,173,3,0,61,171,4,0,62,165,3,0,69,167,5,0,65,170,5,0,62,168,5,0,64,169,10,0,58,0,0,0,0,0,0,138,32,0,67,126,42,0,69,123,41,0,73,116,45,0,76,130,38,0,69,125,37,0,75,139,30,0,68,147,64,0,26,0,0,0,0,0,0,0,0
,0094,KC11-10,742,449,0,343,4,4,94,1,0,3,320,15,81,5,0,28,0,0,0,0,0,0,354,6,0,89,0,0,0,0,0,0,0,0,0,0,0,0,0,0,0,0,0,0,0,0,0,0,0,0,0,0,0,0,0,0,0,0,0,0,0,0,0,0,85,342,1,0,21,0,0,0,0,0,0,0,0,0,0,13,314,93,1,0,28,0,0,0,0,0,345,6,0,98,345,6,0,98,349,5,0,95,348,5,0,96,343,6,0,100,333,7,0,109,335,5,0,109,330,6,0,113,346,10,0,93,0,0,0,0,0,0,281,59,0,109,256,81,0,112,259,77,0,113,269,65,0,115,274,62,0,113,272,62,0,115,262,72,0,115,288,127,0,34,0,0,0,0,0,0,0,0
,0095,KC11-11,887,586,1,380,6,6,192,1,0,1,364,18,174,1,0,29,0,0,0,0,0,0,408,21,0,157,0,0,0,0,0,0,0,0,0,0,0,0,0,0,0,0,0,0,0,0,0,0,0,0,0,0,0,0,0,0,0,0,0,0,0,0,0,0,0,0,0,0,0,174,376,3,1,32,0,0,0,0,0,10,359,184,1,0,32,0,0,0,0,0,415,18,0,153,421,14,0,151,423,13,0,150,422,12,1,151,417,16,0,153,415,16,0,155,419,17,0,150,408,14,0,164,379,31,0,176,0,0,0,0,0,0,355,94,0,137,318,129,0,139,320,119,0,147,323,115,0,148,335,106,0,145,338,101,0,147,336,108,0,142,329,200,1,56,0,0,0,0,0,0,0,0
,0096,KC11-12,278,176,0,106,1,1,67,1,0,0,102,14,55,0,0,5,0,0,0,0,0,0,0,0,0,0,0,0,0,0,0,59,111,0,0,6,0,0,0,0,0,0,0,0,0,0,0,0,0,0,0,0,0,0,0,0,0,0,0,0,0,0,0,0,0,0,0,0,0,56,107,1,0,12,0,0,0,0,0,13,99,52,2,0,10,0,0,0,0,0,131,3,0,42,129,6,0,41,130,3,0,43,130,3,0,43,130,4,0,42,126,5,0,45,128,6,0,42,124,6,0,46,121,9,0,46,0,0,0,0,0,0,96,38,0,42,98,38,0,40,93,41,0,42,90,42,0,44,98,36,0,42,95,34,0,47,93,35,0,48,103,64,0,9,0,0,0,0,0,0,0,0
,0097,KC11-13,165,107,0,65,0,0,42,0,0,0,59,3,40,0,0,5,0,0,0,0,0,0,69,2,0,36,0,0,0,0,0,0,0,0,0,0,0,0,0,0,0,0,0,0,0,0,0,0,0,0,0,0,0,0,0,0,0,0,0,0,0,0,0,0,36,65,0,0,6,0,0,0,0,0,0,0,0,0,0,2,57,36,0,0,12,0,0,0,0,0,66,1,1,39,60,2,0,45,62,2,0,43,63,2,0,42,64,1,0,42,58,2,0,47,56,3,0,48,57,3,0,47,62,5,0,40,0,0,0,0,0,0,64,11,0,32,58,14,0,35,61,10,0,36,58,12,0,37,61,10,0,36,59,12,0,36,58,13,0,36,53,33,0,21,0,0,0,0,0,0,0,0
,0098,KC11-14,264,109,0,77,2,0,29,0,0,1,73,6,28,0,0,2,0,0,0,0,0,0,85,1,0,23,0,0,0,0,0,0,0,0,0,0,0,0,0,0,0,0,0,0,0,0,0,0,0,0,0,0,0,0,0,0,0,0,0,0,0,0,0,0,0,0,0,0,0,28,80,0,0,1,0,0,0,0,0,4,71,32,0,0,2,0,0,0,0,0,83,2,0,24,85,1,0,23,87,1,0,21,87,1,0,21,84,1,0,24,83,1,0,25,81,1,0,27,82,1,0,26,80,3,0,26,0,0,0,0,0,0,74,14,0,21,69,19,0,21,67,19,0,23,70,16,0,23,71,16,0,22,72,14,0,23,71,13,0,25,69,28,0,12,0,0,0,0,0,0,0,0
,0099,KC11-15,317,155,0,132,0,1,22,0,0,0,119,4,19,0,0,13,0,0,0,0,0,0,130,0,0,25,0,0,0,0,0,0,0,0,0,0,0,0,0,0,0,0,0,0,0,0,0,0,0,0,0,0,0,0,0,0,129,0,0,26,0,0,0,0,0,0,0,0,0,0,0,0,0,0,0,0,0,0,0,2,115,20,0,0,18,0,0,0,0,0,127,1,0,27,128,1,0,26,132,1,0,22,128,1,0,26,127,1,0,27,129,1,0,25,126,1,0,28,121,3,0,31,126,1,0,28,0,0,0,0,0,0,98,18,0,39,84,31,0,40,86,27,0,42,91,22,0,42,92,20,0,43,91,22,0,42,91,22,0,42,108,34,0,13,0,0,0,0,0,0,0,0
,0100,KC11-16,100,53,0,45,0,0,8,0,0,0,40,3,7,0,0,3,0,0,0,0,0,0,46,0,0,7,0,0,0,0,0,0,0,0,0,0,0,0,0,0,0,0,0,0,0,0,0,0,0,0,0,0,0,0,0,0,0,0,0,0,0,0,0,0,7,44,0,0,2,0,0,0,0,0,0,0,0,0,0,1,40,7,0,0,5,0,0,0,0,0,44,0,0,9,44,0,0,9,46,0,0,7,46,0,0,7,45,0,0,8,42,0,0,11,43,0,0,10,45,0,0,8,42,1,0,10,0,0,0,0,0,0,34,6,0,13,30,9,0,14,36,4,0,13,31,8,0,14,36,4,0,13,36,5,0,12,35,3,0,15,35,14,0,4,0,0,0,0,0,0,0,0
,0101,KC11-17,18,11,0,7,0,0,4,0,0,0,7,0,3,1,0,0,0,0,0,0,0,0,8,1,0,2,0,0,0,0,0,0,0,0,0,0,0,0,0,0,0,0,0,0,0,0,0,0,0,0,0,0,0,0,0,0,0,0,0,0,7,1,0,3,0,0,0,0,0,0,0,0,0,0,0,0,0,0,0,1,6,3,1,0,0,0,0,0,0,0,9,1,0,1,9,1,0,1,8,1,0,2,8,1,0,2,9,1,0,1,8,1,0,2,9,1,0,1,10,1,0,0,8,3,0,0,0,0,0,0,0,0,6,3,0,2,5,4,0,2,5,4,0,2,5,4,0,2,5,4,0,2,5,4,0,2,5,4,0,2,6,5,0,0,0,0,0,0,0,0,0,0
,0102,KC12-01,989,541,0,359,6,4,169,3,0,0,0,0,0,0,0,0,374,139,16,0,0,12,0,0,0,0,0,0,0,0,0,169,348,1,0,23,0,0,0,0,0,163,351,1,0,26,0,0,0,0,0,0,0,0,0,0,0,0,0,0,0,0,0,0,0,0,0,0,0,0,0,0,0,0,0,0,0,0,0,32,315,173,0,0,21,0,0,0,0,0,380,21,0,140,376,19,0,146,381,20,0,140,377,20,0,144,376,17,0,148,373,16,0,152,368,18,0,155,371,17,0,153,361,26,0,154,0,0,0,0,0,0,308,101,0,132,279,131,0,131,280,129,0,132,296,111,0,134,293,109,0,139,295,109,0,137,278,123,0,140,362,140,0,39,0,0,0,0,0,0,0,0
,0103,KC12-02,758,234,0,168,2,1,62,1,0,0,0,0,0,0,0,0,168,46,8,1,0,11,0,0,0,0,0,0,0,0,0,62,155,1,0,16,0,0,0,0,0,54,159,1,0,20,0,0,0,0,0,0,0,0,0,0,0,0,0,0,0,0,0,0,0,0,0,0,0,0,0,0,0,0,0,0,0,0,0,19,148,50,0,0,17,0,0,0,0,0,184,3,0,47,184,3,0,47,184,3,0,47,187,3,0,44,183,4,0,47,179,4,0,51,179,4,0,51,176,5,0,53,175,6,0,53,0,0,0,0,0,0,154,30,0,50,136,45,0,53,139,39,0,56,148,32,0,54,153,30,0,51,150,31,0,53,141,43,0,50,173,43,0,18,0,0,0,0,0,0,0,0
,0104,KC12-03,1051,582,0,346,6,3,224,3,0,0,0,0,0,0,0,0,372,173,17,0,0,20,0,0,0,0,0,0,0,0,0,196,356,1,0,29,0,0,0,0,0,198,350,1,0,33,0,0,0,0,0,0,0,0,0,0,0,0,0,0,0,0,0,0,0,0,0,0,0,0,0,0,0,0,0,0,0,0,0,33,322,190,1,0,36,0,0,0,0,0,410,21,0,151,415,20,0,147,410,22,0,150,415,21,0,146,404,18,0,160,398,16,0,168,399,17,0,166,399,17,1,165,393,23,0,166,0,0,0,0,0,0,323,103,0,156,291,135,0,156,294,131,0,157,306,116,0,160,304,114,0,164,307,112,0,163,301,118,0,163,382,157,0,43,0,0,0,0,0,0,0,0
,0105,KC12-04,1011,586,1,293,8,2,276,2,0,5,0,0,0,0,0,0,317,206,41,2,0,20,0,0,0,0,0,0,0,0,0,251,317,1,0,17,0,0,0,0,0,252,298,3,0,33,0,0,0,0,0,0,0,0,0,0,0,0,0,0,0,0,0,0,0,0,0,0,0,0,0,0,0,0,0,0,0,0,0,38,262,254,1,0,31,0,0,0,0,0,384,18,0,184,377,21,0,188,379,19,0,188,383,15,0,188,366,16,0,204,362,15,0,209,361,15,0,210,367,17,0,202,343,36,0,207,0,0,0,0,0,0,325,115,0,146,299,136,0,151,290,147,0,149,295,139,0,152,300,133,0,153,303,128,0,155,317,117,0,152,14,15,0,7,0,0,0,0,0,0,0,0
,0106,KC12-05,505,289,0,122,5,0,157,4,0,1,0,0,0,0,0,0,148,124,8,0,0,9,0,0,0,0,0,0,0,0,0,149,132,0,0,8,0,0,0,0,0,151,124,0,0,14,0,0,0,0,0,0,0,0,0,0,0,0,0,0,0,0,0,0,0,0,0,0,0,0,0,0,0,0,0,0,0,0,0,9,120,146,2,0,12,0,0,0,0,0,164,17,0,108,162,17,0,110,161,16,0,112,163,16,0,110,149,16,0,124,153,15,0,121,153,15,0,121,148,15,0,126,141,23,0,125,0,0,0,0,0,0,144,55,0,90,141,56,0,92,128,67,0,94,135,64,0,90,130,64,0,95,128,66,0,95,143,53,0,93,0,0,0,0,0,0,0,0,0,0,0,0
,0107,KC12-06,931,524,0,255,8,1,258,1,0,1,0,0,0,0,0,0,269,198,36,0,0,21,0,0,0,0,0,0,0,0,0,232,269,0,0,23,0,0,0,0,0,0,0,0,0,0,0,0,0,0,0,0,0,0,0,0,0,0,0,0,0,0,0,0,0,0,0,0,0,224,261,2,0,37,0,0,0,0,0,26,236,226,0,0,36,0,0,0,0,0,327,21,0,176,320,18,0,186,328,17,0,179,324,17,0,183,316,13,0,195,308,14,0,202,311,15,0,198,314,14,0,196,295,31,0,198,0,0,0,0,0,0,257,110,0,157,232,133,0,159,248,113,0,163,247,116,0,161,242,116,0,166,248,113,0,163,243,120,0,161,0,0,0,0,0,0,0,0,0,0,0,0
,0108,KC12-07,958,464,0,250,3,0,209,1,0,1,0,0,0,0,0,0,259,166,19,1,0,19,0,0,0,0,0,0,0,0,0,194,251,1,0,18,0,0,0,0,0,0,0,0,0,0,0,0,0,0,0,203,234,1,0,26,0,0,0,0,0,0,0,0,0,0,0,0,0,0,0,0,0,0,0,0,0,0,0,23,219,185,1,0,36,0,0,0,0,0,285,24,0,155,281,26,0,157,282,25,0,157,281,26,0,157,280,23,1,160,274,23,0,167,274,23,0,167,272,24,0,168,261,30,0,173,0,0,0,0,0,0,245,93,0,126,235,107,0,122,209,124,0,131,224,110,0,130,225,106,0,133,239,96,0,129,235,99,0,130,0,0,0,0,0,0,0,0,0,0,0,0
,0109,KC12-08,633,372,0,211,2,3,156,0,0,0,0,0,0,0,0,0,224,120,16,1,0,11,0,0,0,0,0,0,0,0,0,145,208,2,0,17,0,0,0,0,0,0,0,0,0,0,0,0,0,0,0,161,187,1,0,23,0,0,0,0,0,0,0,0,0,0,0,0,0,0,0,0,0,0,0,0,0,0,0,16,195,130,1,0,30,0,0,0,0,0,235,9,1,127,229,10,1,132,230,9,0,133,233,8,0,131,225,6,0,141,219,6,0,147,225,6,0,141,223,6,0,143,209,11,0,152,0,0,0,0,0,0,198,62,0,112,179,79,0,114,173,79,0,120,187,67,0,118,179,72,0,121,189,62,0,121,182,68,0,122,0,0,0,0,0,0,0,0,0,0,0,0
,0110,KC12-09,128,88,0,37,0,0,48,1,0,2,0,0,0,0,0,0,40,38,7,0,0,3,0,0,0,0,0,0,0,0,0,46,39,0,0,3,0,0,0,0,0,0,0,0,0,0,0,0,0,0,0,0,0,0,0,0,0,0,0,0,0,0,0,0,0,0,0,0,0,44,39,0,0,5,0,0,0,0,0,4,36,43,0,0,5,0,0,0,0,0,55,5,0,28,51,4,0,33,53,5,0,30,52,4,0,32,54,5,0,29,50,5,0,33,51,5,0,32,52,5,0,31,47,8,0,33,0,0,0,0,0,0,55,12,0,21,47,18,0,23,41,24,0,23,47,19,0,22,44,22,0,22,45,19,0,24,52,14,0,22,0,0,0,0,0,0,0,0,0,0,0,0
,0111,KC12-10,173,119,0,42,2,1,73,1,0,0,0,0,0,0,0,0,50,63,4,1,0,1,0,0,0,0,0,0,0,0,0,66,50,0,0,3,0,0,0,0,0,0,0,0,0,0,0,0,0,0,0,0,0,0,0,0,0,0,0,0,0,0,0,0,0,0,0,0,0,59,55,1,0,4,0,0,0,0,0,7,45,59,0,0,8,0,0,0,0,0,57,7,0,55,57,6,0,56,58,6,0,55,58,6,0,55,57,4,0,58,56,5,0,58,56,5,0,58,59,4,0,56,49,15,0,55,0,0,0,0,0,0,61,24,0,34,58,27,0,34,56,30,0,33,57,28,0,34,55,30,0,34,60,24,0,35,62,22,0,35,0,0,0,0,0,0,0,0,0,0,0,0
,0112,KC12-11,367,232,0,94,1,1,135,1,0,0,0,0,0,0,0,0,97,111,16,0,0,8,0,0,0,0,0,0,0,0,0,133,88,2,0,9,0,0,0,0,0,0,0,0,0,0,0,0,0,0,0,140,80,0,0,12,0,0,0,0,0,0,0,0,0,0,0,0,0,0,0,0,0,0,0,0,0,0,0,16,79,122,2,0,13,0,0,0,0,0,121,8,0,103,120,10,0,102,120,8,0,104,124,8,0,100,117,9,0,106,118,9,0,105,118,9,0,105,118,9,0,105,111,14,0,107,0,0,0,0,0,0,111,46,0,75,105,49,0,78,99,53,0,80,102,53,0,77,96,54,0,82,98,54,0,80,108,44,0,80,0,0,0,0,0,0,0,0,0,0,0,0
,0113,KC12-12,400,274,0,107,0,0,165,0,0,2,0,0,0,0,0,0,114,140,10,0,0,10,0,0,0,0,0,0,0,0,0,165,103,0,0,6,0,0,0,0,0,0,0,0,0,0,0,0,0,0,0,170,95,0,0,9,0,0,0,0,0,0,0,0,0,0,0,0,0,0,0,0,0,0,0,0,0,0,0,13,96,150,0,0,15,0,0,0,0,0,147,4,0,123,144,4,0,126,146,4,0,124,145,4,0,125,144,4,0,126,138,4,0,132,137,4,0,133,138,4,0,132,128,12,0,134,0,0,0,0,0,0,134,58,0,82,125,60,0,89,117,68,0,89,120,63,0,91,118,60,0,96,119,61,0,94,126,56,0,92,0,0,0,0,0,0,0,0,0,0,0,0
,0114,KC12-13,709,436,0,226,12,0,192,4,1,1,0,0,0,0,0,0,257,152,15,1,0,11,0,0,0,0,0,0,0,0,0,175,250,2,0,9,0,0,0,0,0,0,0,0,0,0,0,0,0,0,0,200,217,1,0,18,0,0,0,0,0,0,0,0,0,0,0,0,0,0,0,0,0,0,0,0,0,0,0,23,217,161,1,0,34,0,0,0,0,0,277,16,0,143,274,15,0,147,274,13,0,149,277,16,0,143,270,15,0,151,269,12,0,155,273,11,0,152,273,11,0,152,255,23,0,158,0,0,0,0,0,0,231,81,0,124,221,94,0,121,211,99,0,126,222,90,0,124,219,88,0,129,224,81,0,131,221,86,0,129,0,0,0,0,0,0,0,0,0,0,0,0
,0115,KC12-14,325,178,0,93,3,0,80,2,0,0,0,0,0,0,0,0,103,61,7,0,0,7,0,0,0,0,0,0,0,0,0,74,97,0,0,7,0,0,0,0,0,0,0,0,0,0,0,0,0,0,0,0,0,0,0,0,0,0,0,0,0,0,0,0,0,0,0,0,0,77,93,0,0,8,0,0,0,0,0,7,94,71,0,0,6,0,0,0,0,0,106,10,0,62,104,9,0,65,105,9,0,64,104,9,0,65,99,10,0,69,94,10,0,74,95,10,0,73,97,10,0,71,85,18,0,75,0,0,0,0,0,0,90,42,0,46,84,47,0,47,77,52,0,49,81,49,0,48,83,46,0,49,81,48,0,49,86,45,0,47,0,0,0,0,0,0,0,0,0,0,0,0
,0116,KC12-15,83,65,0,26,3,0,36,0,0,0,0,0,0,0,0,0,33,24,7,0,0,1,0,0,0,0,0,0,0,0,0,30,34,0,0,1,0,0,0,0,0,0,0,0,0,0,0,0,0,0,0,0,0,0,0,0,0,0,0,0,0,0,0,0,0,0,0,0,0,28,33,0,0,4,0,0,0,0,0,9,27,26,0,0,3,0,0,0,0,0,42,4,0,19,41,4,0,20,40,4,0,21,42,4,0,19,42,4,0,19,40,3,0,22,38,3,0,24,40,3,0,22,33,12,0,20,0,0,0,0,0,0,39,13,0,13,41,11,0,13,34,17,0,14,36,15,0,14,36,15,0,14,34,17,0,14,40,11,0,14,0,0,0,0,0,0,0,0,0,0,0,0
,0117,KC12-16,320,194,0,89,5,0,96,4,0,0,0,0,0,0,0,0,104,78,7,0,0,5,0,0,0,0,0,0,0,0,0,95,93,0,0,6,0,0,0,0,0,0,0,0,0,0,0,0,0,0,0,102,84,0,0,8,0,0,0,0,0,0,0,0,0,0,0,0,0,0,0,0,0,0,0,0,0,0,0,10,88,87,0,0,9,0,0,0,0,0,115,12,0,67,116,11,0,67,113,11,0,70,116,9,0,69,116,6,0,72,112,6,0,76,112,7,0,75,117,6,0,71,105,13,0,76,0,0,0,0,0,0,114,36,0,44,111,37,0,46,112,38,0,44,102,46,0,46,101,44,0,49,106,40,0,48,113,34,0,47,0,0,0,0,0,0,0,0,0,0,0,0
,0118,KC13-01,1034,496,0,375,7,2,109,1,0,2,342,18,101,2,0,33,0,0,0,0,0,0,381,9,0,106,0,0,0,0,0,0,0,0,0,0,0,0,0,0,0,0,0,0,0,0,0,0,0,0,0,0,0,0,0,0,0,0,0,0,373,14,0,109,0,0,0,0,0,0,0,0,0,0,0,0,0,0,0,15,322,110,2,0,47,0,0,0,0,0,369,8,0,119,361,10,0,125,362,12,0,122,362,10,0,124,353,9,0,134,361,11,0,124,354,10,0,132,352,11,0,133,368,14,0,114,0,0,0,0,0,0,272,91,0,133,252,108,0,136,241,108,0,147,245,106,0,145,258,93,0,145,256,98,0,142,257,93,0,146,272,178,0,46,0,0,0,0,0,0,0,0
,0119,KC13-02,860,464,0,296,6,0,161,0,0,1,270,20,143,1,0,30,0,0,0,0,0,0,320,14,0,130,0,0,0,0,0,0,0,0,0,0,0,0,0,0,0,0,0,0,0,0,0,0,0,0,0,0,0,0,0,0,0,0,0,0,322,10,0,132,0,0,0,0,0,0,0,0,0,0,0,0,0,0,0,16,258,147,0,0,43,0,0,0,0,0,326,8,0,130,316,11,0,137,321,10,0,133,321,8,0,135,314,10,0,140,320,9,0,135,324,9,0,131,320,9,0,135,315,21,0,128,0,0,0,0,0,0,262,97,0,105,243,117,0,104,250,102,0,112,251,102,0,111,251,102,0,111,261,94,0,109,256,98,0,110,265,176,0,23,0,0,0,0,0,0,0,0
,0120,KC13-03,489,257,0,177,1,0,77,0,0,2,158,17,63,1,0,18,0,0,0,0,0,0,184,12,0,61,0,0,0,0,0,0,0,0,0,0,0,0,0,0,0,0,0,0,0,0,0,0,0,0,0,0,0,0,0,0,0,0,0,0,180,14,0,63,0,0,0,0,0,0,0,0,0,0,0,0,0,0,0,8,155,70,1,0,23,0,0,0,0,0,181,7,0,69,180,8,0,69,183,8,0,66,179,8,0,70,176,11,0,70,173,9,1,74,180,8,0,69,174,10,0,73,168,16,0,73,0,0,0,0,0,0,147,52,0,58,138,58,0,61,128,62,0,67,136,55,0,66,140,52,0,65,134,57,0,66,138,56,0,63,148,93,0,16,0,0,0,0,0,0,0,0
,0121,KC13-04,466,231,0,185,2,1,38,1,0,4,174,14,30,0,0,13,0,0,0,0,0,0,187,2,0,42,0,0,0,0,0,0,0,0,0,0,0,0,0,0,0,0,0,0,0,0,0,0,0,0,0,0,0,0,0,0,0,0,0,0,189,0,0,42,0,0,0,0,0,0,0,0,0,0,0,0,0,0,0,3,177,35,1,0,15,0,0,0,0,0,181,2,0,48,183,4,0,44,186,3,0,42,184,1,0,46,184,1,0,46,182,2,0,47,179,2,0,50,179,4,0,48,184,1,0,46,0,0,0,0,0,0,125,50,0,56,127,49,0,55,118,51,0,62,123,47,0,61,120,46,0,65,122,43,0,66,127,43,0,61,148,67,0,16,0,0,0,0,0,0,0,0
,0122,KC13-05,137,78,0,40,0,0,36,1,0,1,40,2,30,2,0,4,0,0,0,0,0,0,50,3,0,25,0,0,0,0,0,0,0,0,0,0,0,0,0,0,0,0,0,0,0,0,0,0,0,0,0,0,0,0,0,0,0,0,0,0,0,0,0,0,28,46,0,0,4,0,0,0,0,0,0,0,0,0,0,5,42,27,0,0,4,0,0,0,0,0,49,3,0,26,50,1,0,27,51,1,0,26,47,2,0,29,50,1,0,27,48,2,0,28,50,1,0,27,50,2,0,26,46,3,0,29,0,0,0,0,0,0,39,24,0,15,37,27,0,14,36,26,0,16,42,19,0,17,40,21,0,17,42,19,0,17,36,25,0,17,41,32,0,5,0,0,0,0,0,0,0,0
,0123,KC13-06,219,117,0,49,2,0,64,1,0,1,47,7,60,0,0,3,0,0,0,0,0,0,67,9,0,41,0,0,0,0,0,0,0,0,0,0,0,0,0,0,0,0,0,0,0,0,0,0,0,0,0,0,0,0,0,0,0,0,0,0,0,0,0,0,67,49,0,0,1,0,0,0,0,0,0,0,0,0,0,4,45,62,0,1,5,0,0,0,0,0,72,3,0,42,70,4,0,43,73,3,0,41,71,3,0,43,70,3,0,44,69,3,0,45,67,3,0,47,66,3,0,48,68,6,0,43,0,0,0,0,0,0,59,21,0,37,57,23,0,37,55,24,0,38,53,26,0,38,56,23,0,38,54,25,0,38,54,26,0,37,55,53,0,9,0,0,0,0,0,0,0,0
,0124,KC13-07,558,336,0,170,3,0,161,1,0,1,158,22,141,1,0,14,0,0,0,0,0,0,218,12,0,106,0,0,0,0,0,0,0,0,0,0,0,0,0,0,0,0,0,0,0,0,0,0,0,0,0,0,0,0,0,0,0,0,0,0,0,0,0,0,146,178,0,0,12,0,0,0,0,0,0,0,0,0,0,18,162,137,0,0,19,0,0,0,0,0,225,6,1,104,219,5,0,112,226,5,0,105,219,7,0,110,216,8,0,112,215,6,0,115,214,7,0,115,211,6,0,119,191,24,0,121,0,0,0,0,0,0,189,66,0,81,181,75,0,80,170,80,0,86,178,75,0,83,181,70,1,84,182,68,0,86,185,69,0,82,179,136,0,21,0,0,0,0,0,0,0,0
,0125,KC13-08,675,360,0,229,7,0,122,0,0,2,215,25,105,0,0,15,0,0,0,0,0,0,260,6,0,94,0,0,0,0,0,0,0,0,0,0,0,0,0,0,0,0,0,0,0,0,0,0,0,0,0,0,0,0,0,0,0,0,0,0,257,7,0,96,0,0,0,0,0,0,0,0,0,0,0,0,0,0,0,17,203,114,0,0,26,0,0,0,0,0,257,4,0,99,255,4,0,101,252,4,0,104,255,4,0,101,246,5,0,109,251,5,0,104,248,4,0,108,240,6,0,114,237,15,0,108,0,0,0,0,0,0,229,46,0,85,209,70,0,81,202,71,0,87,204,68,0,88,204,69,0,87,210,64,0,86,211,64,0,85,193,148,0,19,0,0,0,0,0,0,0,0
,0126,KC13-09,909,478,0,316,10,3,145,2,0,2,309,18,128,2,0,21,0,0,0,0,0,0,354,16,0,108,0,0,0,0,0,0,0,0,0,0,0,0,0,0,0,0,0,0,0,0,0,0,0,0,0,0,0,0,0,0,0,0,0,0,347,16,0,115,0,0,0,0,0,0,0,0,0,0,0,0,0,0,0,16,303,125,2,0,32,0,0,0,0,0,358,13,0,107,354,14,0,110,352,17,0,109,348,17,0,113,357,14,0,107,352,14,0,112,349,13,0,116,348,12,0,118,347,25,0,106,0,0,0,0,0,0,266,97,0,115,257,105,0,116,255,106,0,117,264,100,0,114,262,99,0,117,266,96,0,116,265,101,0,112,286,167,0,25,0,0,0,0,0,0,0,0
,0127,KC13-10,90,41,0,29,0,0,11,1,0,0,26,2,10,0,0,3,0,0,0,0,0,0,35,0,0,6,0,0,0,0,0,0,0,0,0,0,0,0,0,0,0,0,0,0,0,0,0,0,0,0,0,0,0,0,0,0,32,0,0,9,0,0,0,0,0,0,0,0,0,0,0,0,0,0,0,0,0,0,0,4,24,10,0,0,3,0,0,0,0,0,33,0,0,8,32,0,0,9,33,0,0,8,33,0,0,8,34,0,0,7,33,0,0,8,33,0,0,8,32,1,0,8,34,0,0,7,0,0,0,0,0,0,22,13,0,6,22,11,0,8,25,10,0,6,19,15,0,7,24,12,0,5,26,10,0,5,25,10,0,6,22,17,0,2,0,0,0,0,0,0,0,0
,0128,KC13-11,721,334,0,246,2,0,86,0,0,0,217,19,80,1,0,17,0,0,0,0,0,0,254,7,0,73,0,0,0,0,0,0,0,0,0,0,0,0,0,0,0,0,0,0,0,0,0,0,0,0,0,0,0,0,0,0,0,0,0,0,251,6,0,77,0,0,0,0,0,0,0,0,0,0,0,0,0,0,0,17,218,77,1,1,20,0,0,0,0,0,252,5,0,77,244,5,1,84,252,7,0,75,247,6,0,81,246,6,0,82,248,6,0,80,241,6,1,86,235,6,0,93,236,14,0,84,0,0,0,0,0,0,186,66,0,82,169,81,0,84,165,81,0,88,171,71,0,92,175,71,0,88,175,68,0,91,177,66,0,91,179,132,1,22,0,0,0,0,0,0,0,0
,0129,KC13-12,634,284,0,196,2,1,81,4,0,0,187,11,65,1,0,20,0,0,0,0,0,0,220,3,0,61,0,0,0,0,0,0,0,0,0,0,0,0,0,0,0,0,0,0,0,0,0,0,0,0,0,0,0,0,0,0,0,0,0,0,212,5,0,67,0,0,0,0,0,0,0,0,0,0,0,0,0,0,0,10,178,76,0,0,20,0,0,0,0,0,215,3,0,66,213,5,0,66,212,5,0,67,206,4,0,74,209,5,0,70,212,3,0,69,208,5,0,71,210,5,0,69,208,11,0,65,0,0,0,0,0,0,183,37,0,64,166,57,0,61,168,50,0,66,176,43,0,65,179,42,0,63,173,46,1,64,172,46,0,66,171,90,0,23,0,0,0,0,0,0,0,0
,0130,KC13-13,288,150,0,113,2,3,30,1,0,1,109,7,28,1,0,5,0,0,0,0,0,0,118,7,0,25,0,0,0,0,0,0,0,0,0,0,0,0,0,0,0,0,0,0,0,0,0,0,0,0,0,0,0,0,0,0,126,6,0,18,0,0,0,0,0,0,0,0,0,0,0,0,0,0,0,0,0,0,0,8,105,30,1,0,6,0,0,0,0,0,119,5,0,26,119,6,0,25,122,6,0,22,122,5,0,23,121,5,0,24,121,6,0,23,117,6,0,27,120,6,0,24,118,8,0,24,0,0,0,0,0,0,83,37,0,30,77,41,0,32,76,39,0,35,76,39,0,35,78,39,0,33,82,33,0,35,79,39,0,32,94,46,0,10,0,0,0,0,0,0,0,0
,0131,KC14-01,947,554,0,278,8,2,259,6,0,1,268,32,232,1,0,21,0,0,0,0,0,0,342,15,0,197,0,0,0,0,0,0,0,0,0,0,0,0,0,0,0,0,0,0,0,0,0,0,0,0,0,0,0,0,0,0,0,0,0,0,0,0,0,0,244,286,0,0,24,0,0,0,0,0,0,0,0,0,0,19,263,241,0,0,31,0,0,0,0,0,343,12,0,199,327,12,0,215,344,11,0,199,343,12,0,199,338,11,0,205,332,11,0,211,336,11,0,207,331,12,0,211,307,34,0,213,0,0,0,0,0,0,279,125,0,150,264,139,0,151,253,144,1,156,265,135,0,154,258,138,0,158,272,127,0,155,277,120,0,157,285,238,0,31,0,0,0,0,0,0,0,0
,0132,KC14-02,471,305,0,175,5,2,120,3,0,0,171,17,104,1,0,12,0,0,0,0,0,0,208,10,0,87,0,0,0,0,0,0,0,0,0,0,0,0,0,0,0,0,0,0,0,0,0,0,0,0,0,0,0,0,0,0,0,0,0,0,205,13,0,87,0,0,0,0,0,0,0,0,0,0,0,0,0,0,0,12,161,114,1,0,17,0,0,0,0,0,204,6,0,95,202,7,0,96,200,6,0,99,206,5,0,94,193,8,0,104,197,8,0,100,203,7,0,95,200,5,0,100,194,14,0,97,0,0,0,0,0,0,165,72,0,68,170,71,0,64,146,86,0,73,154,78,0,73,154,75,0,76,158,72,0,75,173,57,0,75,173,112,0,20,0,0,0,0,0,0,0,0
,0133,KC14-03,432,273,0,179,5,0,86,2,0,1,182,8,65,0,0,18,0,0,0,0,0,0,192,6,0,75,0,0,0,0,0,0,0,0,0,0,0,0,0,0,0,0,0,0,0,0,0,0,0,0,0,0,0,0,0,0,0,0,0,0,190,4,0,79,0,0,0,0,0,0,0,0,0,0,0,0,0,0,0,10,158,76,0,0,29,0,0,0,0,0,193,5,0,75,191,8,0,74,191,7,0,75,192,5,0,76,192,5,0,76,192,5,0,76,191,6,0,76,191,5,0,77,183,12,0,78,0,0,0,0,0,0,150,45,0,78,137,61,0,75,135,59,0,79,138,55,0,80,140,47,1,85,143,45,0,85,141,48,0,84,159,96,0,18,0,0,0,0,0,0,0,0
,0134,KC14-04,806,469,0,319,6,1,139,2,0,2,301,11,131,2,0,24,0,0,0,0,0,0,325,8,0,136,0,0,0,0,0,0,0,0,0,0,0,0,0,0,0,0,0,0,0,0,0,0,0,0,0,0,0,0,0,0,0,0,0,0,0,0,0,0,134,307,0,0,28,0,0,0,0,0,0,0,0,0,0,18,286,131,0,2,32,0,0,0,0,0,325,7,0,137,326,6,0,137,327,7,0,135,323,5,1,140,322,9,0,138,323,6,0,140,317,7,0,145,321,7,0,141,324,11,0,134,0,0,0,0,0,0,255,86,0,128,237,100,0,132,244,92,0,133,244,91,0,134,252,87,0,130,254,84,0,131,255,82,0,132,269,163,0,37,0,0,0,0,0,0,0,0
,0135,KC14-05,757,458,0,273,5,2,170,3,0,5,257,27,143,1,0,30,0,0,0,0,0,0,307,15,0,136,0,0,0,0,0,0,0,0,0,0,0,0,0,0,0,0,0,0,0,0,0,0,0,0,0,0,0,0,0,0,0,0,0,0,0,0,0,0,142,276,2,0,38,0,0,0,0,0,0,0,0,0,0,31,247,137,2,0,41,0,0,0,0,0,310,10,0,138,304,12,0,142,307,10,0,141,309,10,0,139,311,10,0,137,300,9,0,149,300,10,0,148,296,11,0,151,283,19,0,156,0,0,0,0,0,0,258,84,0,116,237,107,0,114,241,95,0,122,238,100,0,120,246,89,0,123,242,91,0,125,244,90,0,124,263,163,0,32,0,0,0,0,0,0,0,0
,0136,KC14-06,974,583,0,333,9,4,234,3,0,0,329,26,197,0,0,31,0,0,0,0,0,0,372,32,0,179,0,0,0,0,0,0,0,0,0,0,0,0,0,0,0,0,0,0,0,0,0,0,0,0,0,0,0,0,0,0,0,0,0,0,0,0,0,0,215,333,1,1,33,0,0,0,0,0,0,0,0,0,0,34,304,206,0,0,39,0,0,0,0,0,375,22,0,186,376,20,0,187,384,20,0,179,385,17,0,181,372,21,0,190,373,18,0,192,373,19,0,191,374,19,0,190,356,36,0,191,0,0,0,0,0,0,326,119,0,138,309,140,0,134,284,153,0,146,296,146,0,141,302,138,0,143,297,140,0,146,305,132,0,146,321,224,1,37,0,0,0,0,0,0,0,0
,0137,KC14-07,1215,764,0,494,8,1,255,3,2,1,477,30,215,2,0,40,0,0,0,0,0,0,584,18,0,162,0,0,0,0,0,0,0,0,0,0,0,0,0,0,0,0,0,0,0,0,0,0,0,0,0,0,0,0,0,0,0,0,0,0,0,0,0,0,221,512,2,0,29,0,0,0,0,0,0,0,0,0,0,34,468,219,2,0,41,0,0,0,0,0,592,13,1,158,590,13,0,161,589,12,0,163,590,14,0,160,593,11,0,160,576,13,0,175,581,11,0,172,572,11,0,181,536,27,1,200,0,0,0,0,0,0,475,125,0,164,414,178,0,172,422,161,0,181,443,141,1,179,450,134,2,178,452,132,1,179,426,156,0,182,457,267,0,40,0,0,0,0,0,0,0,0
,0138,KC14-08,913,591,0,362,5,4,219,0,0,1,333,34,190,0,0,34,0,0,0,0,0,0,0,0,0,0,200,357,1,0,33,0,0,0,0,0,0,0,0,0,0,0,0,0,0,0,0,0,0,0,0,0,0,0,0,0,0,0,0,0,0,0,0,0,193,364,0,0,34,0,0,0,0,0,0,0,0,0,0,0,0,0,0,0,0,0,0,0,0,0,419,12,0,160,404,11,0,176,421,12,0,158,415,13,0,163,408,12,0,171,416,11,0,164,416,10,0,165,412,9,0,170,383,29,0,179,0,0,0,0,0,0,320,120,0,151,306,131,0,154,300,129,0,162,300,134,0,157,310,121,0,160,312,121,0,158,304,124,0,163,294,234,0,25,0,0,0,0,0,0,0,0
,0139,KC14-09,528,385,0,170,1,0,211,0,0,3,154,16,198,0,0,17,0,0,0,0,0,0,0,0,0,0,205,167,0,0,13,0,0,0,0,0,0,0,0,0,0,0,0,0,0,0,0,0,0,0,0,0,0,0,0,0,0,0,0,0,0,0,0,0,0,0,0,0,0,0,0,0,0,0,221,142,0,0,22,0,0,0,0,0,0,0,0,0,0,0,232,8,0,145,223,6,0,156,234,5,0,146,229,6,0,150,224,5,0,156,224,6,0,155,227,6,0,152,218,7,0,160,178,20,0,187,0,0,0,0,0,0,207,71,0,107,209,71,0,105,193,85,0,107,192,87,0,106,186,91,0,108,190,87,0,108,200,76,0,109,0,0,0,0,0,0,0,0,0,0,0,0
,0140,KC14-10,1814,1285,0,659,10,1,604,4,1,6,642,38,539,1,0,65,0,0,0,0,0,0,0,0,0,0,532,690,5,0,58,0,0,0,0,0,0,0,0,0,0,0,0,0,0,0,0,0,0,0,0,0,0,0,0,0,0,0,0,0,0,0,0,0,496,735,2,0,52,0,0,0,0,0,0,0,0,0,0,0,0,0,0,0,0,0,0,0,0,0,851,27,0,407,823,23,0,439,854,22,0,409,870,22,0,393,827,22,0,436,852,21,0,412,842,21,1,421,825,23,0,437,688,100,0,497,0,0,0,0,0,0,682,241,0,362,633,285,0,367,621,279,0,385,648,258,0,379,632,265,0,388,648,257,0,380,638,268,0,379,0,0,0,0,0,0,0,0,0,0,0,0
,0141,KC14-11,920,610,0,347,4,0,250,5,0,4,322,23,226,2,0,37,0,0,0,0,0,0,0,0,0,0,228,348,0,0,34,0,0,0,0,0,0,0,0,0,0,0,0,0,0,0,0,0,0,0,0,0,0,0,0,0,0,0,0,0,0,0,0,0,220,359,1,0,30,0,0,0,0,0,0,0,0,0,0,0,0,0,0,0,0,0,0,0,0,0,404,20,0,186,388,18,0,204,400,18,0,192,408,19,0,183,380,21,0,209,400,18,0,192,403,19,0,188,390,18,0,202,356,35,0,219,0,0,0,0,0,0,328,101,0,181,301,128,0,181,291,135,0,184,305,129,0,176,299,126,0,185,302,120,0,188,312,115,0,183,10,12,0,2,0,0,0,0,0,0,0,0
,0142,KC14-12,1848,1314,0,664,9,4,617,11,0,9,641,48,562,2,0,61,0,0,0,0,0,0,0,0,0,0,552,706,5,0,51,0,0,0,0,0,0,0,0,0,0,0,0,0,0,0,0,0,0,0,0,0,0,0,0,0,0,0,0,0,0,0,0,0,540,714,4,0,56,0,0,0,0,0,0,0,0,0,0,0,0,0,0,0,0,0,0,0,0,0,885,22,0,407,867,20,0,427,880,19,0,415,885,22,0,407,861,19,0,434,875,19,0,420,864,21,0,429,846,20,0,448,755,72,0,487,0,0,0,0,0,0,746,221,0,347,693,262,0,359,687,261,0,366,695,252,0,367,695,254,0,365,709,241,0,364,708,242,0,364,0,0,0,0,0,0,0,0,0,0,0,0
,0143,KC14-13,1256,881,0,435,12,1,423,6,0,4,417,26,399,2,0,37,0,0,0,0,0,0,0,0,0,0,387,449,3,0,42,0,0,0,0,0,0,0,0,0,0,0,0,0,0,0,0,0,0,0,0,0,0,0,0,0,0,0,0,0,0,0,0,0,370,472,0,0,39,0,0,0,0,0,0,0,0,0,0,0,0,0,0,0,0,0,0,0,0,0,586,25,0,270,563,25,0,293,571,22,0,288,575,23,0,283,563,21,0,297,561,21,0,299,555,22,0,304,537,24,0,320,457,58,1,365,0,0,0,0,0,0,479,153,0,249,454,173,0,254,441,183,0,257,443,177,0,261,445,167,0,269,454,163,0,264,455,160,1,265,0,0,0,0,0,0,0,0,0,0,0,0
,0144,KC14-14,2005,1492,0,728,15,2,726,9,0,12,675,64,672,3,0,78,0,0,0,0,0,0,0,0,0,0,680,755,1,1,55,0,0,0,0,0,0,0,0,0,0,0,0,0,0,0,0,0,0,0,0,0,0,0,0,0,0,0,0,0,0,0,0,0,643,785,2,0,62,0,0,0,0,0,0,0,0,0,0,0,0,0,0,0,0,0,0,0,0,0,978,30,0,484,938,31,0,523,977,32,0,483,981,29,0,482,935,30,0,527,955,33,0,504,945,29,0,518,927,31,0,534,796,97,0,599,0,0,0,0,0,0,777,268,0,447,741,299,0,452,705,323,0,464,734,294,0,464,729,299,0,464,733,293,0,466,750,282,0,460,0,0,0,0,0,0,0,0,0,0,0,0
,0145,KC14-15,872,669,0,310,10,3,338,4,0,4,286,25,325,2,0,31,0,0,0,0,0,0,0,0,0,0,332,315,0,0,22,0,0,0,0,0,0,0,0,0,0,0,0,0,0,0,0,0,0,0,0,0,0,0,0,0,0,0,0,0,0,0,0,0,0,0,0,0,0,0,0,0,0,0,354,277,1,0,37,0,0,0,0,0,0,0,0,0,0,0,407,13,0,249,388,13,0,268,393,11,0,265,411,11,0,247,390,9,0,270,398,9,0,262,389,5,1,274,377,7,0,285,333,30,0,306,0,0,0,0,0,0,345,110,0,214,339,119,0,211,313,137,0,219,316,136,0,217,321,130,0,218,323,130,0,216,333,120,0,216,0,0,0,0,0,0,0,0,0,0,0,0
,0146,KC14-16,496,337,0,202,3,0,129,2,0,1,199,5,118,0,0,15,0,0,0,0,0,0,0,0,0,0,0,0,0,0,0,124,199,0,0,14,0,0,0,0,0,0,0,0,0,0,0,0,0,0,0,0,0,0,0,0,0,0,0,0,0,0,0,0,126,195,1,0,15,0,0,0,0,0,0,0,0,0,0,10,180,128,1,0,18,0,0,0,0,0,244,4,0,89,238,3,0,96,233,5,0,99,239,5,0,93,227,3,0,107,226,4,0,107,231,4,0,102,231,4,0,102,216,12,0,109,0,0,0,0,0,0,215,47,0,75,210,49,0,78,180,70,0,87,188,64,0,85,183,67,0,87,191,61,0,85,203,48,0,86,164,154,0,19,0,0,0,0,0,0,0,0
,0147,KC14-17,941,708,0,357,10,3,327,8,0,3,351,27,291,2,0,37,0,0,0,0,0,0,0,0,0,0,293,379,2,0,34,0,0,0,0,0,0,0,0,0,0,0,0,0,0,0,0,0,0,0,0,0,0,0,0,0,0,0,0,0,0,0,0,0,270,410,2,0,26,0,0,0,0,0,0,0,0,0,0,0,0,0,0,0,0,0,0,0,0,0,487,13,0,208,461,14,0,233,479,12,0,217,506,14,0,188,461,13,0,234,471,13,0,224,473,13,0,222,452,11,0,245,354,47,0,307,0,0,0,0,0,0,387,109,0,212,352,148,0,208,350,135,0,223,366,123,0,219,365,124,0,219,362,122,1,223,364,125,0,219,0,0,0,0,0,0,0,0,0,0,0,0
,0148,QC01-01,38,28,0,13,0,0,15,0,0,0,0,0,0,0,0,0,13,15,0,0,0,0,0,0,0,0,0,0,0,0,0,15,13,0,0,0,0,0,0,0,0,0,0,0,0,0,0,0,0,0,0,15,13,0,0,0,0,0,0,0,0,0,0,0,0,0,0,0,0,0,0,0,0,0,0,0,0,0,0,1,12,15,0,0,0,0,0,0,0,0,18,1,0,9,19,0,0,9,19,0,0,9,19,0,0,9,18,0,0,10,18,0,0,10,18,0,0,10,19,0,0,9,16,0,0,12,0,0,0,0,0,0,15,3,0,10,13,5,0,10,14,4,0,10,15,3,0,10,13,5,0,10,14,4,0,10,13,5,0,10,0,0,0,0,0,0,0,0,0,0,0,0
,ZZZ,COUNTY TOTALS,94460,51104,6,30938,600,197,18867,299,18,185,19501,1516,9370,80,11,1835,10936,6414,856,32,1,551,13941,432,4,4047,3906,4909,21,2,390,6397,10887,28,5,768,2993,2093,13,0,267,1863,4405,17,1,333,2636,919,9,1,242,5244,4009,13,2,356,3894,98,1,1031,4837,138,1,1209,4247,6629,19,1,527,2566,4336,16,1,448,575,419,1,0,59,1567,21795,10526,65,14,2542,2175,2867,11,0,313,35709,1274,7,14113,35159,1248,6,14690,35545,1200,5,14353,35568,1186,6,14343,34847,1170,4,15082,34766,1125,3,15209,34669,1128,9,15297,34440,1145,5,15513,32929,2352,7,15815,2,0,24,2,0,24,28613,9240,2,13248,26506,11170,3,13424,26065,11092,4,13942,26897,10323,4,13879,27072,10030,7,13994,27419,9703,3,13978,27233,9977,1,13892,19289,9066,4,2219,1124,652,0,89,989,788,0,88
